SA2 code,SA2 name,IEO_Score,IEO_State Rank,IEO_State Decile,IEO_State Percentile,IER_Usual Resident Population,IER_Score,IER_State Rank,IER_State Decile,IER_State Percentile
201011001,Alfredton,1009.7188845,267.0,6.0,52.0,16835.0,1035.994075,332.0,7.0,65.0
201011002,Ballarat,1075.750257,380.0,8.0,74.0,12131.0,978.4122774,160.0,4.0,32.0
201011005,Buninyong,1049.9660265,340.0,7.0,66.0,7261.0,1052.539664,392.0,8.0,77.0
201011006,Delacombe,936.67630718,87.0,2.0,17.0,10661.0,1006.242565,244.0,5.0,48.0
201011007,Smythes Creek,959.52355981,147.0,3.0,29.0,4230.0,1090.794166,479.0,10.0,94.0
201011008,Wendouree - Miners Rest,887.60920117,14.0,1.0,3.0,15333.0,917.016014,49.0,1.0,10.0
201011481,Ballarat East - Warrenheip,971.14404469,168.0,4.0,33.0,9691.0,928.5231706,60.0,2.0,12.0
201011482,Ballarat North - Invermay,1025.9288673,305.0,6.0,59.0,14750.0,1006.754916,249.0,5.0,49.0
201011483,Canadian - Mount Clear,986.60800007,207.0,5.0,41.0,12225.0,945.6053162,82.0,2.0,16.0
201011484,Sebastopol - Redan,888.00172514,15.0,1.0,3.0,13086.0,876.5116348,15.0,1.0,3.0
201021009,Bacchus Marsh Surrounds,966.74536629,161.0,4.0,32.0,6559.0,1041.367783,353.0,7.0,69.0
201021010,Creswick - Clunes,961.94510969,150.0,3.0,30.0,8085.0,992.6644428,196.0,4.0,39.0
201021011,Daylesford,1044.7698897,334.0,7.0,65.0,9955.0,1013.723454,263.0,6.0,52.0
201021012,Gordon (Vic.),987.72841611,211.0,5.0,41.0,6372.0,1051.376916,389.0,8.0,76.0
201031013,Avoca,930.44407494,78.0,2.0,16.0,3532.0,965.2768404,130.0,3.0,26.0
201031014,Beaufort,939.73691378,99.0,2.0,20.0,4644.0,993.7824537,199.0,4.0,39.0
201031015,Golden Plains - North,939.40357326,98.0,2.0,19.0,4894.0,1028.005208,308.0,6.0,60.0
201031016,Maryborough (Vic.),856.09194588,5.0,1.0,1.0,8160.0,894.5939358,26.0,1.0,6.0
201031017,Maryborough Surrounds,892.839466,20.0,1.0,4.0,5526.0,962.3357255,122.0,3.0,24.0
202011018,Bendigo,957.36246208,138.0,3.0,27.0,14929.0,899.6506034,30.0,1.0,6.0
202011019,California Gully - Eaglehawk,889.71152748,17.0,1.0,4.0,12949.0,939.7242056,72.0,2.0,15.0
202011020,East Bendigo - Kennington,1011.1964249,273.0,6.0,53.0,13988.0,964.1685443,129.0,3.0,26.0
202011021,Flora Hill - Spring Gully,1025.4707797,303.0,6.0,59.0,9437.0,943.3021608,79.0,2.0,16.0
202011022,Kangaroo Flat - Golden Square,922.60460643,63.0,2.0,13.0,21043.0,947.6095336,85.0,2.0,17.0
202011023,Maiden Gully,986.92781316,210.0,5.0,41.0,5518.0,1090.794649,480.0,10.0,94.0
202011024,Strathfieldsaye,1035.2073035,316.0,7.0,62.0,10719.0,1092.689497,483.0,10.0,94.0
202011025,White Hills - Ascot,954.30562443,133.0,3.0,26.0,14446.0,1012.333412,259.0,6.0,51.0
202021026,Bendigo Surrounds - South,995.7203218,233.0,5.0,46.0,8344.0,1090.721703,478.0,10.0,93.0
202021027,Castlemaine,1037.038824,321.0,7.0,63.0,11352.0,971.1904554,142.0,3.0,28.0
202021028,Castlemaine Surrounds,1016.2661101,286.0,6.0,56.0,9225.0,1021.349406,291.0,6.0,57.0
202021029,Heathcote,931.1598978,79.0,2.0,16.0,5062.0,988.6375845,186.0,4.0,37.0
202021030,Kyneton,1028.4994778,310.0,6.0,60.0,10562.0,1037.429929,340.0,7.0,67.0
202021031,Woodend,1077.6513353,384.0,8.0,75.0,7949.0,1070.11705,440.0,9.0,86.0
202031032,Bendigo Surrounds - North,937.16516379,90.0,2.0,18.0,4934.0,1022.252243,293.0,6.0,58.0
202031033,Loddon,942.52583244,108.0,3.0,21.0,7289.0,963.928524,128.0,3.0,25.0
203011034,Bannockburn,969.70588193,165.0,4.0,32.0,7754.0,1096.675181,491.0,10.0,96.0
203011035,Golden Plains - South,977.33402568,182.0,4.0,36.0,8111.0,1076.417147,456.0,9.0,89.0
203011036,Winchelsea,1020.227292,290.0,6.0,57.0,6614.0,1072.718999,446.0,9.0,87.0
203021037,Belmont,1021.3704899,297.0,6.0,58.0,15017.0,958.3426513,111.0,3.0,22.0
203021039,Geelong,1044.7816084,335.0,7.0,65.0,13504.0,953.2125398,99.0,2.0,20.0
203021040,Geelong West - Hamlyn Heights,1038.4204804,325.0,7.0,63.0,21200.0,978.9402247,162.0,4.0,32.0
203021042,Highton,1076.8545161,382.0,8.0,74.0,24034.0,1060.004755,408.0,8.0,80.0
203021043,Lara,964.20079621,154.0,3.0,30.0,20817.0,1042.083219,358.0,7.0,70.0
203021044,Leopold,964.2653387,155.0,3.0,30.0,13272.0,1029.268319,314.0,7.0,62.0
203021045,Newcomb - Moolap,888.23930343,16.0,1.0,4.0,15462.0,927.4360049,57.0,2.0,12.0
203021046,Newtown (Vic.),1098.691003,423.0,9.0,82.0,10445.0,1035.280534,329.0,7.0,65.0
203021047,North Geelong - Bell Park,955.68041999,135.0,3.0,27.0,15795.0,960.1378346,113.0,3.0,22.0
203021485,Charlemont,1015.218883,281.0,6.0,55.0,10300.0,1038.168827,344.0,7.0,67.0
203021486,Corio - Lovely Banks,847.22182203,4.0,1.0,1.0,18325.0,908.902676,38.0,1.0,8.0
203021487,Grovedale - Mount Duneed,1002.8622436,251.0,5.0,49.0,24763.0,1017.710825,279.0,6.0,55.0
203021488,Norlane,826.04110797,1.0,1.0,1.0,9051.0,805.3667391,5.0,1.0,1.0
203031048,Clifton Springs,962.53963708,151.0,3.0,30.0,16797.0,1018.381229,280.0,6.0,55.0
203031049,Lorne - Anglesea,1079.2195483,389.0,8.0,76.0,6234.0,1039.547606,348.0,7.0,68.0
203031051,Portarlington,975.20583496,177.0,4.0,35.0,9536.0,993.4971156,198.0,4.0,39.0
203031052,Point Lonsdale - Queenscliff,1085.2512197,407.0,8.0,79.0,5519.0,1035.575503,331.0,7.0,65.0
203031053,Torquay,1086.8388527,410.0,8.0,80.0,24607.0,1086.513001,472.0,10.0,92.0
203031489,Barwon Heads - Armstrong Creek,1071.1495355,375.0,8.0,73.0,11333.0,1066.009165,428.0,9.0,84.0
203031490,Ocean Grove,1056.3546392,352.0,7.0,69.0,19394.0,1061.440548,413.0,9.0,81.0
204011054,Alexandra,953.4336781,132.0,3.0,26.0,6828.0,983.7825312,173.0,4.0,34.0
204011055,Euroa,971.70121798,169.0,4.0,33.0,6922.0,976.1261163,151.0,3.0,30.0
204011056,Kilmore - Broadford,940.3412715,102.0,2.0,20.0,15563.0,1023.922902,298.0,6.0,58.0
204011057,Mansfield (Vic.),982.63524771,195.0,4.0,38.0,10517.0,1018.904261,282.0,6.0,55.0
204011058,Nagambie,956.04161256,136.0,3.0,27.0,4537.0,999.0468719,215.0,5.0,42.0
204011059,Seymour,883.60833036,12.0,1.0,3.0,6569.0,912.7079974,40.0,1.0,8.0
204011060,Seymour Surrounds,997.78393021,237.0,5.0,46.0,4645.0,1048.032747,381.0,8.0,75.0
204011061,Upper Yarra Valley,925.3460314,68.0,2.0,14.0,238.0,953.1347132,98.0,2.0,20.0
204011062,Yea,973.85305202,173.0,4.0,34.0,4182.0,1000.606526,226.0,5.0,44.0
204021063,Benalla,925.88061452,69.0,2.0,14.0,10822.0,949.8510801,91.0,2.0,18.0
204021064,Benalla Surrounds,990.09514778,213.0,5.0,42.0,3781.0,1042.013059,355.0,7.0,70.0
204021065,Rutherglen,939.9700183,101.0,2.0,20.0,4047.0,1001.176779,230.0,5.0,45.0
204021066,Wangaratta,941.01324269,103.0,2.0,20.0,19882.0,957.432272,103.0,3.0,21.0
204021067,Wangaratta Surrounds,996.37776954,235.0,5.0,46.0,9925.0,1048.173339,382.0,8.0,75.0
204031068,Beechworth,1036.6143766,320.0,7.0,62.0,4986.0,1015.260876,268.0,6.0,53.0
204031069,Bright - Mount Beauty,1020.5813094,293.0,6.0,57.0,8903.0,1010.805406,256.0,5.0,50.0
204031070,Chiltern - Indigo Valley,939.85754405,100.0,2.0,20.0,3184.0,1033.729015,321.0,7.0,63.0
204031071,Myrtleford,941.23795613,105.0,3.0,21.0,4745.0,988.9920413,188.0,4.0,37.0
204031072,Towong,969.861632,166.0,4.0,33.0,6196.0,1006.080069,243.0,5.0,48.0
204031073,West Wodonga,924.49527894,67.0,2.0,13.0,15396.0,973.1565485,146.0,3.0,29.0
204031075,Yackandandah,1025.8700306,304.0,6.0,59.0,5221.0,1069.405378,436.0,9.0,85.0
204031491,Baranduda - Leneva,1015.7722074,283.0,6.0,55.0,12778.0,1070.977337,443.0,9.0,87.0
204031492,Wodonga,917.88690842,49.0,1.0,10.0,15082.0,914.9598983,45.0,1.0,9.0
205011076,Drouin,933.66929464,84.0,2.0,17.0,19773.0,1016.311518,273.0,6.0,54.0
205011077,Mount Baw Baw Region,974.3024053,175.0,4.0,34.0,6585.0,1036.249036,336.0,7.0,66.0
205011078,Trafalgar (Vic.),958.19442952,142.0,3.0,28.0,8368.0,1017.570688,278.0,6.0,55.0
205011079,Warragul,978.83020418,186.0,4.0,36.0,23051.0,1019.272821,286.0,6.0,56.0
205021081,Bairnsdale,921.972926,60.0,2.0,12.0,15684.0,956.0385382,102.0,2.0,20.0
205021082,Bruthen - Omeo,951.22986383,124.0,3.0,24.0,8290.0,1022.194467,292.0,6.0,57.0
205021084,Lakes Entrance,921.87962331,59.0,2.0,12.0,11164.0,962.1394346,121.0,3.0,24.0
205021085,Orbost,929.39543289,75.0,2.0,15.0,6727.0,936.3574966,65.0,2.0,13.0
205021086,Paynesville,953.10721205,127.0,3.0,25.0,6977.0,986.1392663,179.0,4.0,35.0
205031087,Foster,984.00853319,199.0,4.0,39.0,9446.0,1001.766194,234.0,5.0,46.0
205031088,French Island,1057.681744,355.0,7.0,69.0,139.0,951.2167743,94.0,2.0,19.0
205031089,Korumburra,952.51180996,126.0,3.0,25.0,9842.0,1025.915024,302.0,6.0,59.0
205031090,Leongatha,961.84979209,149.0,3.0,29.0,11502.0,1003.757931,238.0,5.0,47.0
205031091,Phillip Island,980.37900283,188.0,4.0,37.0,13799.0,996.7594327,211.0,5.0,42.0
205031092,Wilsons Promontory,1119.0547771,449.0,9.0,87.0,,,,,
205031093,Wonthaggi - Inverloch,951.94516053,125.0,3.0,25.0,26792.0,989.5136598,189.0,4.0,37.0
205041094,Churchill,932.8936403,82.0,2.0,16.0,11912.0,993.9721025,201.0,4.0,40.0
205041095,Moe - Newborough,864.35613426,6.0,1.0,2.0,17291.0,894.8062261,27.0,1.0,6.0
205041096,Morwell,828.89266925,2.0,1.0,1.0,14432.0,859.0614509,10.0,1.0,2.0
205041098,Yallourn North - Glengarry,903.75688574,35.0,1.0,7.0,4707.0,1028.544945,311.0,7.0,61.0
205041493,Traralgon - East,914.23247887,45.0,1.0,9.0,12000.0,950.7094623,93.0,2.0,19.0
205041494,Traralgon - West,958.71103597,145.0,3.0,29.0,16822.0,993.8654174,200.0,4.0,39.0
205051099,Alps - West,1057.8873038,357.0,7.0,70.0,,,,,
205051100,Longford - Loch Sport,937.21447946,91.0,2.0,18.0,4915.0,1008.676733,251.0,5.0,49.0
205051101,Maffra,921.53531117,58.0,2.0,12.0,14756.0,999.7980002,220.0,5.0,43.0
205051102,Rosedale,937.05482619,89.0,2.0,18.0,4928.0,1022.398805,294.0,6.0,58.0
205051103,Sale,959.28102032,146.0,3.0,29.0,15301.0,960.3537262,115.0,3.0,23.0
205051104,Yarram,919.10940999,53.0,2.0,11.0,5605.0,969.4099564,140.0,3.0,28.0
206011106,Brunswick East,1162.1933987,499.0,10.0,97.0,12738.0,942.8574992,77.0,2.0,15.0
206011107,Brunswick West,1111.7270516,441.0,9.0,86.0,14318.0,948.9006411,88.0,2.0,18.0
206011109,Pascoe Vale South,1080.2847404,393.0,8.0,77.0,10390.0,1037.675364,341.0,7.0,67.0
206011495,Brunswick - North,1131.6340131,458.0,9.0,89.0,12890.0,948.4629273,87.0,2.0,17.0
206011496,Brunswick - South,1157.8684421,493.0,10.0,96.0,12983.0,944.3978441,81.0,2.0,16.0
206011497,Coburg - East,1099.4080657,425.0,9.0,83.0,12535.0,967.0394288,135.0,3.0,27.0
206011498,Coburg - West,1082.3323676,397.0,8.0,77.0,14031.0,1006.625647,248.0,5.0,49.0
206021110,Alphington - Fairfield,1137.7052631,465.0,9.0,90.0,8994.0,1004.822136,241.0,5.0,47.0
206021112,Thornbury,1116.8981651,448.0,9.0,87.0,18919.0,974.4877633,149.0,3.0,29.0
206021499,Northcote - East,1145.6438127,478.0,10.0,93.0,15068.0,1004.659624,240.0,5.0,47.0
206021500,Northcote - West,1156.4794595,492.0,10.0,96.0,10299.0,998.7748621,214.0,5.0,42.0
206031113,Ascot Vale,1092.7295387,416.0,9.0,81.0,15191.0,981.2210859,167.0,4.0,33.0
206031115,Flemington,1067.6841803,371.0,8.0,72.0,9065.0,861.7835658,11.0,1.0,3.0
206031116,Moonee Ponds,1115.7990376,447.0,9.0,87.0,16224.0,997.7834097,212.0,5.0,42.0
206031501,Essendon (West) - Aberfeldie,1083.2433897,401.0,8.0,78.0,16042.0,1035.454505,330.0,7.0,65.0
206031502,Essendon - East,1110.9406723,439.0,9.0,85.0,12191.0,996.2869796,209.0,5.0,41.0
206041117,Carlton,1143.087432,475.0,10.0,92.0,16655.0,773.1047285,3.0,1.0,1.0
206041118,Docklands,1159.8211143,496.0,10.0,96.0,15493.0,875.2269127,14.0,1.0,3.0
206041119,East Melbourne,1188.7401619,515.0,10.0,100.0,4896.0,980.3167563,164.0,4.0,32.0
206041120,Flemington Racecourse,1201.127936,516.0,10.0,100.0,77.0,972.3452334,144.0,3.0,29.0
206041121,Kensington (Vic.),1145.9058249,480.0,10.0,93.0,10745.0,949.7888032,90.0,2.0,18.0
206041124,Parkville,1162.5554651,500.0,10.0,97.0,7297.0,914.4154819,44.0,1.0,9.0
206041125,South Yarra - West,1184.787956,513.0,10.0,100.0,6423.0,960.8653845,117.0,3.0,23.0
206041503,Melbourne CBD - East,1147.1985961,482.0,10.0,94.0,9848.0,782.8660941,4.0,1.0,1.0
206041504,Melbourne CBD - North,1138.9399079,471.0,10.0,92.0,16870.0,715.838702,1.0,1.0,1.0
206041505,Melbourne CBD - West,1140.6919854,472.0,10.0,92.0,15648.0,765.9285515,2.0,1.0,1.0
206041506,North Melbourne,1138.7428137,470.0,10.0,91.0,15637.0,847.6259118,7.0,1.0,2.0
206041508,Southbank (West) - South Wharf,1153.5634077,485.0,10.0,94.0,6463.0,890.7279027,21.0,1.0,5.0
206041509,Southbank - East,1154.8921746,489.0,10.0,95.0,16101.0,858.5464972,9.0,1.0,2.0
206041510,West Melbourne - Residential,1150.3524721,483.0,10.0,94.0,7446.0,881.6573057,16.0,1.0,4.0
206051128,Albert Park,1159.8662939,497.0,10.0,97.0,15825.0,995.7771908,206.0,5.0,41.0
206051129,Elwood,1154.1152903,487.0,10.0,95.0,14818.0,977.6509939,155.0,4.0,31.0
206051130,Port Melbourne,1138.41542,469.0,10.0,91.0,16192.0,989.5683685,190.0,4.0,37.0
206051134,St Kilda East,1143.7816659,477.0,10.0,93.0,15813.0,941.055068,75.0,2.0,15.0
206051511,Port Melbourne Industrial,1137.4855534,463.0,9.0,90.0,1907.0,957.9279664,107.0,3.0,21.0
206051512,South Melbourne,1146.1265941,481.0,10.0,94.0,11693.0,930.5885731,61.0,2.0,12.0
206051513,St Kilda - Central,1122.2880545,451.0,9.0,88.0,11857.0,904.2830851,34.0,1.0,7.0
206051514,St Kilda - West,1137.413353,462.0,9.0,90.0,13858.0,916.0472951,46.0,1.0,9.0
206061135,Armadale,1167.4757765,506.0,10.0,98.0,9336.0,987.2631741,180.0,4.0,36.0
206061136,Prahran - Windsor,1153.8713448,486.0,10.0,95.0,19119.0,940.9777631,74.0,2.0,15.0
206061138,Toorak,1176.825595,512.0,10.0,100.0,12953.0,1034.949906,323.0,7.0,63.0
206061515,South Yarra - North,1188.3854362,514.0,10.0,100.0,11192.0,904.6291408,35.0,1.0,7.0
206061516,South Yarra - South,1136.3899319,460.0,9.0,89.0,9939.0,910.5684697,39.0,1.0,8.0
206071139,Abbotsford,1162.8269282,501.0,10.0,97.0,9088.0,951.2176597,95.0,2.0,19.0
206071140,Carlton North - Princes Hill,1168.9820298,507.0,10.0,99.0,8186.0,968.8925744,139.0,3.0,28.0
206071141,Collingwood,1109.2245194,435.0,9.0,85.0,9179.0,864.2250161,13.0,1.0,3.0
206071142,Fitzroy,1124.7354975,453.0,9.0,88.0,10431.0,884.1488096,17.0,1.0,4.0
206071143,Fitzroy North,1171.145497,508.0,10.0,99.0,12781.0,961.9020757,120.0,3.0,24.0
206071145,Clifton Hill - Alphington,1174.5990597,511.0,10.0,99.0,9855.0,1026.127159,303.0,6.0,59.0
206071517,Richmond (South) - Cremorne,1173.3415017,510.0,10.0,99.0,17671.0,983.5446055,171.0,4.0,34.0
206071518,Richmond - North,1101.2063575,429.0,9.0,83.0,13867.0,886.9383048,20.0,1.0,4.0
207011146,Ashburton (Vic.),1138.2457971,468.0,10.0,91.0,7952.0,1070.364488,442.0,9.0,86.0
207011147,Balwyn,1141.5017717,474.0,10.0,92.0,16163.0,1039.665446,349.0,7.0,68.0
207011148,Balwyn North,1126.5046021,454.0,9.0,88.0,21123.0,1077.91077,460.0,9.0,90.0
207011149,Camberwell,1156.3445774,491.0,10.0,95.0,21232.0,1067.584605,431.0,9.0,84.0
207011150,Glen Iris - East,1162.9335079,502.0,10.0,98.0,16829.0,1098.913382,494.0,10.0,97.0
207011152,Hawthorn East,1164.2469735,503.0,10.0,98.0,15684.0,1013.994662,265.0,6.0,52.0
207011154,Kew East,1137.9070192,466.0,10.0,91.0,6482.0,1065.210689,424.0,9.0,83.0
207011155,Surrey Hills (West) - Canterbury,1158.7829243,494.0,10.0,96.0,15944.0,1084.846582,469.0,10.0,92.0
207011519,Hawthorn - North,1171.168868,509.0,10.0,99.0,9890.0,1000.130393,222.0,5.0,44.0
207011520,Hawthorn - South,1167.0760553,505.0,10.0,98.0,11957.0,979.1953307,163.0,4.0,32.0
207011521,Kew - South,1166.3176083,504.0,10.0,98.0,11601.0,1065.933521,427.0,9.0,84.0
207011522,Kew - West,1153.0140609,484.0,10.0,94.0,13039.0,1050.552451,385.0,8.0,75.0
207021156,Bulleen,1061.3704167,364.0,8.0,71.0,11289.0,1037.183641,338.0,7.0,66.0
207021157,Doncaster,1083.7101791,404.0,8.0,79.0,24814.0,1005.586601,242.0,5.0,48.0
207021159,Templestowe,1086.6023071,409.0,8.0,80.0,16966.0,1093.67713,485.0,10.0,95.0
207021160,Templestowe Lower,1078.51453,388.0,8.0,76.0,14191.0,1057.648011,404.0,8.0,79.0
207021424,Doncaster East - North,1080.7054681,395.0,8.0,77.0,15672.0,1075.253559,452.0,9.0,88.0
207021425,Doncaster East - South,1069.412853,373.0,8.0,73.0,15454.0,1010.788483,255.0,5.0,50.0
207031161,Blackburn,1104.6779547,431.0,9.0,84.0,22106.0,1039.509977,347.0,7.0,68.0
207031162,Blackburn South,1091.6739965,413.0,8.0,80.0,10939.0,1024.110423,300.0,6.0,59.0
207031163,Box Hill,1096.3085931,418.0,9.0,81.0,22841.0,927.9648092,58.0,2.0,12.0
207031164,Box Hill North,1106.4873844,432.0,9.0,84.0,18126.0,1015.763494,270.0,6.0,53.0
207031165,Burwood (Vic.),1089.3875175,412.0,8.0,80.0,12336.0,949.0993625,89.0,2.0,18.0
207031166,Burwood East,1063.317256,366.0,8.0,71.0,10675.0,1009.488086,253.0,5.0,50.0
207031167,Surrey Hills (East) - Mont Alber,1155.9267073,490.0,10.0,95.0,10166.0,1062.629973,418.0,9.0,82.0
208011168,Beaumaris,1128.5678392,455.0,9.0,89.0,14021.0,1106.864067,502.0,10.0,98.0
208011169,Brighton (Vic.),1161.2408969,498.0,10.0,97.0,22758.0,1073.885118,449.0,9.0,88.0
208011170,Brighton East,1138.0017464,467.0,10.0,91.0,16540.0,1093.026625,484.0,10.0,95.0
208011171,Highett (West) - Cheltenham,1107.6777909,433.0,9.0,84.0,12439.0,1052.250133,390.0,8.0,76.0
208011172,Hampton,1130.875919,457.0,9.0,89.0,18200.0,1059.585445,406.0,8.0,79.0
208011173,Sandringham - Black Rock,1136.4138359,461.0,9.0,90.0,17358.0,1068.242059,432.0,9.0,85.0
208021174,Bentleigh - McKinnon,1115.3558122,445.0,9.0,87.0,24896.0,1042.335073,359.0,7.0,70.0
208021176,Carnegie,1122.4127373,452.0,9.0,88.0,18534.0,973.4110855,147.0,3.0,29.0
208021177,Caulfield - North,1154.8095051,488.0,10.0,95.0,22362.0,1016.496565,274.0,6.0,54.0
208021178,Caulfield - South,1137.63249,464.0,9.0,90.0,18075.0,1056.053872,400.0,8.0,78.0
208021179,Elsternwick,1143.5461123,476.0,10.0,93.0,11904.0,1014.072673,266.0,6.0,52.0
208021180,Hughesdale,1098.9356824,424.0,9.0,83.0,7563.0,1006.52223,246.0,5.0,48.0
208021181,Murrumbeena,1115.7714198,446.0,9.0,87.0,9369.0,1020.871099,289.0,6.0,57.0
208021182,Ormond - Glen Huntly,1119.7740896,450.0,9.0,88.0,13128.0,994.2333532,202.0,4.0,40.0
208021426,Bentleigh East - North,1097.2526572,420.0,9.0,82.0,16583.0,1050.725148,387.0,8.0,76.0
208021427,Bentleigh East - South,1080.1050566,392.0,8.0,76.0,14057.0,1062.484392,416.0,9.0,81.0
208031183,Aspendale Gardens - Waterways,1053.6745387,345.0,7.0,67.0,8853.0,1108.370623,503.0,10.0,98.0
208031184,Braeside,1055.134386,348.0,7.0,68.0,,,,,
208031185,Carrum - Patterson Lakes,1026.6994368,306.0,6.0,60.0,12032.0,1035.088982,324.0,7.0,64.0
208031186,Chelsea - Bonbeach,1047.2934179,337.0,7.0,66.0,15204.0,999.1103904,217.0,5.0,43.0
208031187,Chelsea Heights,1006.1663713,256.0,5.0,50.0,5393.0,1042.962394,361.0,8.0,71.0
208031188,Highett (East) - Cheltenham,1068.8897286,372.0,8.0,72.0,24085.0,1012.923714,260.0,6.0,51.0
208031189,Edithvale - Aspendale,1079.454543,390.0,8.0,76.0,13563.0,1053.91664,395.0,8.0,77.0
208031190,Mentone,1082.482737,399.0,8.0,78.0,13197.0,1016.256633,272.0,6.0,53.0
208031191,Moorabbin - Heatherton,1073.615773,378.0,8.0,74.0,9116.0,1035.128345,325.0,7.0,64.0
208031193,Mordialloc - Parkdale,1084.1989318,406.0,8.0,79.0,21199.0,1042.996453,362.0,8.0,71.0
208041194,Malvern - Glen Iris,1158.9306729,495.0,10.0,96.0,20239.0,1042.409371,360.0,8.0,71.0
208041195,Malvern East,1140.69463,473.0,10.0,92.0,21923.0,1046.389123,375.0,8.0,73.0
209011196,Bundoora - East,1015.8310489,284.0,6.0,55.0,9831.0,1013.413433,262.0,6.0,51.0
209011197,Greensborough,1061.9377328,365.0,8.0,71.0,20807.0,1053.156595,394.0,8.0,77.0
209011198,Heidelberg - Rosanna,1111.6632874,440.0,9.0,86.0,16039.0,1027.757638,307.0,6.0,60.0
209011199,Heidelberg West,1049.039563,338.0,7.0,66.0,14852.0,918.5938381,51.0,1.0,10.0
209011200,Ivanhoe,1136.1949576,459.0,9.0,89.0,12458.0,1039.977012,350.0,7.0,69.0
209011201,Ivanhoe East - Eaglemont,1145.7143884,479.0,10.0,93.0,7740.0,1103.595499,498.0,10.0,97.0
209011202,Montmorency - Briar Hill,1078.4633428,387.0,8.0,75.0,16539.0,1061.186694,411.0,8.0,80.0
209011203,Viewbank - Yallambie,1080.5742681,394.0,8.0,77.0,18733.0,1042.031066,356.0,7.0,70.0
209011204,Watsonia,1041.0899646,328.0,7.0,64.0,9236.0,1019.118318,285.0,6.0,56.0
209021205,Kingsbury,1057.8256864,356.0,7.0,69.0,10408.0,981.9518858,169.0,4.0,33.0
209021428,Preston - East,1072.2206968,376.0,8.0,73.0,20711.0,946.008846,83.0,2.0,17.0
209021429,Preston - West,1082.3377837,398.0,8.0,77.0,12696.0,983.0075752,170.0,4.0,34.0
209021523,Reservoir - North East,1014.1451022,277.0,6.0,54.0,14795.0,938.6632597,69.0,2.0,14.0
209021524,Reservoir - North West,959.86043908,148.0,3.0,29.0,9801.0,987.8800682,185.0,4.0,36.0
209021525,Reservoir - South East,1016.1638753,285.0,6.0,56.0,12799.0,916.6558239,47.0,1.0,10.0
209021526,Reservoir - South West,1052.3844407,343.0,7.0,67.0,14090.0,952.5986348,97.0,2.0,19.0
209031209,Eltham,1096.4602141,419.0,9.0,82.0,23444.0,1105.452561,501.0,10.0,98.0
209031210,Hurstbridge,1050.0965842,341.0,7.0,66.0,3554.0,1076.645323,457.0,9.0,89.0
209031211,Kinglake,991.67210205,216.0,5.0,42.0,4204.0,1069.741865,438.0,9.0,86.0
209031212,Panton Hill - St Andrews,1063.9334277,368.0,8.0,72.0,5091.0,1111.44869,504.0,10.0,99.0
209031213,Plenty - Yarrambat,1055.052329,347.0,7.0,68.0,9454.0,1124.141534,508.0,10.0,99.0
209031214,Research - North Warrandyte,1099.8578791,427.0,9.0,83.0,6935.0,1141.95578,512.0,10.0,100.0
209031215,Wattle Glen - Diamond Creek,1046.0836211,336.0,7.0,65.0,14417.0,1104.076754,500.0,10.0,98.0
209041216,Bundoora - North,1037.7398431,323.0,7.0,63.0,7350.0,1016.524544,275.0,6.0,54.0
209041217,Bundoora - West,991.87551932,219.0,5.0,43.0,6186.0,961.6996522,118.0,3.0,23.0
209041220,Mill Park - North,982.44335803,192.0,4.0,38.0,17470.0,1018.521332,281.0,6.0,55.0
209041221,Mill Park - South,976.55853218,179.0,4.0,35.0,11240.0,996.49003,210.0,5.0,41.0
209041223,Thomastown,914.47365812,46.0,1.0,9.0,19998.0,935.4563958,64.0,2.0,13.0
209041224,Wallan,954.81516931,134.0,3.0,26.0,22627.0,1064.64178,422.0,9.0,83.0
209041225,Whittlesea,974.91684222,176.0,4.0,35.0,10661.0,1059.674184,407.0,8.0,80.0
209041431,Epping - East,943.47150435,111.0,3.0,22.0,13144.0,994.3093035,203.0,4.0,40.0
209041432,Epping - South,927.91868571,73.0,2.0,15.0,8204.0,951.9868957,96.0,2.0,19.0
209041433,Epping (Vic.) - West,999.67873897,241.0,5.0,47.0,12143.0,1014.671017,267.0,6.0,52.0
209041435,South Morang - North,1008.411201,261.0,6.0,51.0,12595.0,1078.582927,462.0,9.0,90.0
209041436,South Morang - South,982.7594714,196.0,4.0,38.0,12392.0,1031.551167,317.0,7.0,62.0
209041437,Wollert,1011.636587,274.0,6.0,53.0,24407.0,1050.63741,386.0,8.0,76.0
209041527,Doreen - North,1006.5340214,257.0,5.0,50.0,16299.0,1079.825395,464.0,10.0,91.0
209041528,Doreen - South,1018.3610964,288.0,6.0,56.0,10471.0,1064.102187,421.0,9.0,82.0
209041529,Lalor - East,912.76214104,44.0,1.0,9.0,9947.0,925.8371587,54.0,2.0,11.0
209041530,Lalor - West,943.77368869,112.0,3.0,22.0,13513.0,987.8236054,183.0,4.0,36.0
209041531,Mernda - North,1003.3232132,253.0,5.0,49.0,11427.0,1033.603438,320.0,7.0,63.0
209041532,Mernda - South,1010.9447869,271.0,6.0,53.0,11940.0,1060.844351,410.0,8.0,80.0
210011226,Airport West,1014.3847377,279.0,6.0,54.0,8173.0,994.3945494,204.0,4.0,40.0
210011228,Keilor,1007.9948043,260.0,6.0,51.0,8548.0,1057.550181,403.0,8.0,79.0
210011230,Niddrie - Essendon West,1063.5351523,367.0,8.0,71.0,7460.0,1042.038455,357.0,7.0,70.0
210011231,Strathmore,1087.9408475,411.0,8.0,80.0,10031.0,1080.684736,466.0,10.0,91.0
210011533,Avondale Heights,1003.288692,252.0,5.0,49.0,12388.0,1016.122818,271.0,6.0,53.0
210011534,Keilor East,1017.7301711,287.0,6.0,56.0,15073.0,1037.247277,339.0,7.0,66.0
210021232,Gisborne,1049.0985369,339.0,7.0,66.0,14222.0,1098.624273,493.0,10.0,96.0
210021233,Macedon,1110.3151001,438.0,9.0,85.0,3523.0,1115.162756,505.0,10.0,99.0
210021234,Riddells Creek,1020.4974969,291.0,6.0,57.0,4457.0,1090.607154,477.0,10.0,93.0
210021235,Romsey,991.07191977,215.0,5.0,42.0,10765.0,1072.372191,445.0,9.0,87.0
210031236,Coburg North,1079.598065,391.0,8.0,76.0,8425.0,981.1942407,166.0,4.0,33.0
210031237,Fawkner,984.07110498,200.0,4.0,39.0,14002.0,936.73443,66.0,2.0,13.0
210031439,Gowanbrae,1037.3669448,322.0,7.0,63.0,3111.0,1077.176058,459.0,9.0,90.0
210031440,Hadfield,994.54872933,228.0,5.0,45.0,6241.0,962.5092695,123.0,3.0,24.0
210031535,Glenroy - East,1002.1824779,250.0,5.0,49.0,14783.0,932.3002807,63.0,2.0,13.0
210031536,Glenroy - West,1032.4740292,314.0,7.0,61.0,8857.0,958.1389539,109.0,3.0,22.0
210031537,Oak Park,1083.555923,402.0,8.0,78.0,7898.0,1010.395514,254.0,5.0,50.0
210031538,Pascoe Vale,1066.2279924,369.0,8.0,72.0,17214.0,991.4337587,192.0,4.0,38.0
210041240,Sunbury,982.44753765,193.0,4.0,38.0,13671.0,1066.980744,430.0,9.0,84.0
210041539,Diggers Rest,978.4209462,183.0,4.0,36.0,5237.0,1046.986041,378.0,8.0,74.0
210041540,Sunbury - South,977.12239217,181.0,4.0,36.0,14985.0,1019.095033,284.0,6.0,56.0
210041541,Sunbury - West,973.123832,170.0,4.0,33.0,11166.0,1044.158539,367.0,8.0,72.0
210051242,Broadmeadows,902.56120306,31.0,1.0,6.0,13859.0,854.2134831,8.0,1.0,2.0
210051243,Campbellfield - Coolaroo,885.57115757,13.0,1.0,3.0,16057.0,901.7922232,32.0,1.0,7.0
210051245,Gladstone Park - Westmeadows,953.25460799,130.0,3.0,26.0,18024.0,1000.726142,228.0,5.0,45.0
210051246,Greenvale - Bulla,1013.3032377,275.0,6.0,54.0,22095.0,1092.142491,482.0,10.0,94.0
210051247,Meadow Heights,901.43168491,30.0,1.0,6.0,14890.0,916.8987171,48.0,1.0,10.0
210051248,Melbourne Airport,995.22496255,232.0,5.0,45.0,126.0,987.8398977,184.0,4.0,36.0
210051250,Tullamarine,943.16175699,110.0,3.0,22.0,6576.0,959.0466934,112.0,3.0,22.0
210051441,Craigieburn - Central,908.83600826,39.0,1.0,8.0,8099.0,972.5627089,145.0,3.0,29.0
210051442,Craigieburn - North,976.70382546,180.0,4.0,35.0,12309.0,1027.103119,305.0,6.0,60.0
210051443,Craigieburn - South,964.4728409,156.0,4.0,31.0,21673.0,1023.742701,297.0,6.0,58.0
210051445,Mickleham - Yuroke,986.58787813,205.0,4.0,40.0,23374.0,1064.862186,423.0,9.0,83.0
210051542,Craigieburn - North West,994.68456344,229.0,5.0,45.0,9842.0,1026.520677,304.0,6.0,60.0
210051543,Craigieburn - West,981.30494911,189.0,4.0,37.0,12999.0,1000.634765,227.0,5.0,45.0
210051544,Roxburgh Park (South) - Somerton,953.10981189,128.0,3.0,25.0,9479.0,987.59225,181.0,4.0,36.0
210051545,Roxburgh Park - North,939.3602751,97.0,2.0,19.0,14658.0,1000.162418,224.0,5.0,44.0
211011251,Bayswater,998.03772056,238.0,5.0,47.0,12589.0,984.5912378,177.0,4.0,35.0
211011254,Knoxfield - Scoresby,1037.9735345,324.0,7.0,63.0,16601.0,1047.596368,379.0,8.0,74.0
211011255,Lysterfield,1042.810449,330.0,7.0,64.0,6594.0,1137.278297,510.0,10.0,100.0
211011256,Rowville - Central,1024.5399021,301.0,6.0,59.0,15418.0,1061.258106,412.0,9.0,81.0
211011257,Rowville - North,1040.2749532,327.0,7.0,64.0,7905.0,1097.346661,492.0,10.0,96.0
211011258,Rowville - South,1036.5839684,319.0,7.0,62.0,10375.0,1095.294245,487.0,10.0,95.0
211011259,Wantirna,1044.2774104,333.0,7.0,65.0,14341.0,1054.516527,398.0,8.0,78.0
211011260,Wantirna South,1042.8899382,331.0,7.0,65.0,17942.0,1045.741295,371.0,8.0,73.0
211011446,Boronia,998.31642134,239.0,5.0,47.0,23560.0,991.7631839,195.0,4.0,38.0
211011447,Ferntree Gully - North,998.51911695,240.0,5.0,47.0,14145.0,1000.1608,223.0,5.0,44.0
211011448,Ferntree Gully (South) - Upper F,1001.5879317,248.0,5.0,48.0,15334.0,1041.375642,354.0,7.0,69.0
211011449,The Basin,1007.8137377,259.0,6.0,51.0,4345.0,1063.833439,420.0,9.0,82.0
211021261,Donvale - Park Orchards,1085.8891943,408.0,8.0,79.0,16275.0,1100.013417,495.0,10.0,97.0
211021262,Warrandyte - Wonga Park,1082.5269276,400.0,8.0,78.0,10112.0,1140.184122,511.0,10.0,100.0
211031263,Bayswater North,990.92955708,214.0,5.0,42.0,11871.0,1031.95381,319.0,7.0,63.0
211031265,Croydon Hills - Warranwood,1058.1377637,358.0,7.0,70.0,18059.0,1095.66876,488.0,10.0,95.0
211031266,Ringwood,1051.5363339,342.0,7.0,67.0,18715.0,978.4453128,161.0,4.0,32.0
211031267,Ringwood East,1067.0128988,370.0,8.0,72.0,21132.0,1027.274401,306.0,6.0,60.0
211031268,Ringwood North,1077.4328503,383.0,8.0,75.0,9654.0,1094.791185,486.0,10.0,95.0
211031450,Croydon - East,1007.0036111,258.0,5.0,50.0,16109.0,983.6757391,172.0,4.0,34.0
211031451,Croydon - West,1032.7184471,315.0,7.0,61.0,14139.0,1020.982871,290.0,6.0,57.0
211031452,Croydon South,1031.5913758,313.0,7.0,61.0,4898.0,1037.017412,337.0,7.0,66.0
211041269,Forest Hill,1059.0454502,361.0,7.0,70.0,10780.0,999.3370745,219.0,5.0,43.0
211041270,Mitcham (Vic.),1092.0205518,415.0,9.0,81.0,16795.0,1028.123199,310.0,7.0,61.0
211041271,Nunawading,1081.7680588,396.0,8.0,77.0,12413.0,1011.775285,258.0,6.0,51.0
211041272,Vermont,1083.8902357,405.0,8.0,79.0,10993.0,1054.266475,396.0,8.0,78.0
211041273,Vermont South,1073.5154724,377.0,8.0,73.0,11954.0,1072.836057,447.0,9.0,87.0
211051274,Belgrave - Selby,1056.7974845,353.0,7.0,69.0,10005.0,1085.832585,471.0,10.0,92.0
211051275,Chirnside Park,1014.2306653,278.0,6.0,54.0,11779.0,1073.714023,448.0,9.0,88.0
211051276,Healesville - Yarra Glen,981.95847458,190.0,4.0,37.0,14065.0,1037.937581,343.0,7.0,67.0
211051277,Kilsyth,978.42587387,184.0,4.0,36.0,9916.0,1011.33742,257.0,6.0,51.0
211051278,Lilydale - Coldstream,985.01942565,202.0,4.0,40.0,19599.0,1045.40267,369.0,8.0,72.0
211051279,Monbulk - Silvan,1010.1856439,268.0,6.0,52.0,5816.0,1065.26273,425.0,9.0,83.0
211051280,Montrose,1008.7548204,262.0,6.0,51.0,6943.0,1080.340983,465.0,10.0,91.0
211051281,Mooroolbark,992.16328338,221.0,5.0,43.0,23146.0,1044.692491,368.0,8.0,72.0
211051282,Mount Dandenong - Olinda,1091.8129016,414.0,9.0,81.0,9706.0,1087.373716,474.0,10.0,93.0
211051283,Mount Evelyn,991.94507675,220.0,5.0,43.0,9799.0,1074.941341,451.0,9.0,88.0
211051284,Upwey - Tecoma,1053.2030703,344.0,7.0,67.0,9777.0,1068.512737,433.0,9.0,85.0
211051285,Wandin - Seville,983.77968606,197.0,4.0,39.0,7902.0,1085.325584,470.0,10.0,92.0
211051286,Yarra Valley,942.5899988,109.0,3.0,22.0,16799.0,1017.321059,277.0,6.0,54.0
212011289,Emerald - Cockatoo,1010.6151632,269.0,6.0,53.0,18633.0,1091.185571,481.0,10.0,94.0
212011546,Beaconsfield - Officer,1021.5189393,298.0,6.0,58.0,23632.0,1069.959476,439.0,9.0,86.0
212011547,Bunyip - Garfield,958.48043613,143.0,3.0,28.0,9868.0,1069.417225,437.0,9.0,86.0
212011548,Koo Wee Rup,930.27409576,77.0,2.0,15.0,10069.0,1055.37109,399.0,8.0,78.0
212011549,Pakenham - North East,945.00917706,115.0,3.0,23.0,15441.0,999.8771882,221.0,5.0,43.0
212011550,Pakenham - North West,982.40691969,191.0,4.0,37.0,7479.0,1045.850651,373.0,8.0,73.0
212011551,Pakenham - South East,929.69893034,76.0,2.0,15.0,6439.0,938.8032067,70.0,2.0,14.0
212011552,Pakenham - South West,957.64150361,139.0,3.0,27.0,26783.0,1023.082136,295.0,6.0,58.0
212021293,Berwick - North,1024.8871372,302.0,6.0,59.0,22963.0,1052.651306,393.0,8.0,77.0
212021295,Doveton,900.60620085,29.0,1.0,6.0,11889.0,886.1693067,19.0,1.0,4.0
212021297,Hallam,937.38958234,94.0,2.0,19.0,11472.0,978.362658,158.0,4.0,31.0
212021299,Narre Warren North,1023.8874028,299.0,6.0,58.0,8241.0,1142.578521,513.0,10.0,100.0
212021453,Endeavour Hills - North,982.48205301,194.0,4.0,38.0,12086.0,1029.050698,313.0,7.0,61.0
212021454,Endeavour Hills - South,1001.8134604,249.0,5.0,49.0,13360.0,1028.012284,309.0,7.0,61.0
212021455,Narre Warren - North East,973.73136495,172.0,4.0,34.0,13504.0,1036.225877,335.0,7.0,66.0
212021456,Narre Warren - South West,949.96243553,121.0,3.0,24.0,14758.0,977.9413828,156.0,4.0,31.0
212021553,Berwick - South East,1036.1733648,318.0,7.0,62.0,17760.0,1089.506848,475.0,10.0,93.0
212021554,Berwick - South West,1026.8209047,307.0,6.0,60.0,11254.0,1059.116677,405.0,8.0,79.0
212031300,Cranbourne,902.70033941,32.0,1.0,7.0,21281.0,965.9655659,133.0,3.0,26.0
212031303,Cranbourne South,986.67104145,208.0,5.0,41.0,17400.0,1100.072708,496.0,10.0,97.0
212031304,Cranbourne West,963.05973237,153.0,3.0,30.0,21535.0,1037.899668,342.0,7.0,67.0
212031306,Lynbrook - Lyndhurst,1015.2088016,280.0,6.0,55.0,18027.0,1078.553687,461.0,9.0,90.0
212031308,Pearcedale - Tooradin,929.23139895,74.0,2.0,15.0,8024.0,1076.898076,458.0,9.0,90.0
212031457,Narre Warren South - East,1000.4362689,246.0,5.0,48.0,13152.0,1096.336906,490.0,10.0,96.0
212031458,Narre Warren South - West,962.93334848,152.0,3.0,30.0,16713.0,1036.167102,333.0,7.0,65.0
212031555,Clyde North - North,1061.193649,363.0,8.0,71.0,10535.0,1103.686625,499.0,10.0,98.0
212031556,Clyde North - South,1029.6631844,312.0,7.0,61.0,14802.0,1103.353323,497.0,10.0,97.0
212031557,Cranbourne East - North,973.65805362,171.0,4.0,34.0,23415.0,1043.735118,366.0,8.0,72.0
212031558,Cranbourne East - South,993.89100378,227.0,5.0,44.0,12289.0,1057.287208,402.0,8.0,79.0
212031559,Cranbourne North - East,1020.6996789,294.0,6.0,57.0,12772.0,1062.670111,419.0,9.0,82.0
212031560,Cranbourne North - West,921.06670727,57.0,2.0,12.0,11910.0,1001.889778,235.0,5.0,46.0
212031561,Hampton Park - East,920.69716449,56.0,2.0,11.0,12715.0,977.3805187,154.0,3.0,30.0
212031562,Hampton Park - West,907.44072249,37.0,1.0,8.0,13368.0,949.9446031,92.0,2.0,18.0
212041309,Clarinda - Oakleigh South,1000.0076346,244.0,5.0,48.0,11554.0,1009.056204,252.0,5.0,50.0
212041310,Clayton South,1004.194129,254.0,5.0,50.0,13381.0,944.3460851,80.0,2.0,16.0
212041312,Dandenong North,953.13969028,129.0,3.0,25.0,22526.0,960.194094,114.0,3.0,23.0
212041313,Dingley Village,1021.1971467,296.0,6.0,58.0,10499.0,1068.886475,435.0,9.0,85.0
212041316,Noble Park North,945.2575443,117.0,3.0,23.0,7456.0,968.6543633,138.0,3.0,27.0
212041317,Springvale,936.65996177,86.0,2.0,17.0,22248.0,914.0673868,42.0,1.0,9.0
212041318,Springvale South,900.03788121,28.0,1.0,6.0,12621.0,943.1807522,78.0,2.0,16.0
212041459,Noble Park - East,957.09944118,137.0,3.0,27.0,12739.0,905.3305969,36.0,1.0,8.0
212041460,Noble Park - West,918.89819275,52.0,2.0,11.0,19591.0,914.2053487,43.0,1.0,9.0
212041563,Dandenong - North,931.74555218,80.0,2.0,16.0,21487.0,863.6360322,12.0,1.0,3.0
212041564,Dandenong - South,895.98889541,23.0,1.0,5.0,9350.0,902.1289936,33.0,1.0,7.0
212041565,Keysborough - North,918.26119555,50.0,1.0,10.0,15096.0,981.1550952,165.0,4.0,33.0
212041566,Keysborough - South,1058.2775534,359.0,7.0,70.0,15093.0,1115.692333,506.0,10.0,99.0
212051319,Ashwood - Chadstone,1094.2759728,417.0,9.0,81.0,19507.0,1001.6973,233.0,5.0,46.0
212051321,Glen Waverley - East,1101.9366397,430.0,9.0,84.0,21603.0,1047.998379,380.0,8.0,74.0
212051322,Glen Waverley - West,1098.2622341,421.0,9.0,82.0,21036.0,1019.44764,287.0,6.0,56.0
212051323,Mount Waverley - North,1108.2901543,434.0,9.0,84.0,16073.0,1045.499157,370.0,8.0,72.0
212051324,Mount Waverley - South,1100.0601066,428.0,9.0,83.0,19265.0,1046.947312,377.0,8.0,74.0
212051325,Mulgrave,1041.7702783,329.0,7.0,64.0,19889.0,1036.171126,334.0,7.0,65.0
212051326,Oakleigh - Huntingdale,1070.3753836,374.0,8.0,73.0,22928.0,1001.420153,231.0,5.0,45.0
212051327,Wheelers Hill,1076.5862068,381.0,8.0,74.0,20652.0,1076.289389,455.0,9.0,89.0
212051567,Clayton (North) - Notting Hill,1115.252904,444.0,9.0,86.0,9829.0,847.2509455,6.0,1.0,2.0
212051568,Clayton - Central,1057.3202767,354.0,7.0,69.0,12052.0,901.0233001,31.0,1.0,7.0
213011328,Ardeer - Albion,970.38414883,167.0,4.0,33.0,7502.0,893.5297294,24.0,1.0,5.0
213011329,Cairnlea,967.97476581,164.0,4.0,32.0,10038.0,1043.63672,364.0,8.0,71.0
213011331,Delahey,898.50256048,26.0,1.0,6.0,8077.0,958.0182477,108.0,3.0,22.0
213011332,Keilor Downs,953.35901645,131.0,3.0,26.0,13082.0,995.9732659,207.0,5.0,41.0
213011333,Kings Park (Vic.),872.19789246,8.0,1.0,2.0,13983.0,927.3404979,56.0,2.0,11.0
213011334,St Albans - North,898.46729453,25.0,1.0,5.0,20581.0,884.7119884,18.0,1.0,4.0
213011335,St Albans - South,908.10569607,38.0,1.0,8.0,17454.0,891.0920004,22.0,1.0,5.0
213011336,Sunshine,984.69628451,201.0,4.0,39.0,9445.0,924.2250946,52.0,2.0,11.0
213011337,Sunshine North,931.98824181,81.0,2.0,16.0,12047.0,926.7868576,55.0,2.0,11.0
213011338,Sunshine West,922.36522083,62.0,2.0,12.0,18558.0,939.1055233,71.0,2.0,14.0
213011339,Sydenham,965.86403462,159.0,4.0,31.0,11726.0,994.7570747,205.0,4.0,40.0
213011340,Taylors Lakes,997.42943574,236.0,5.0,46.0,16910.0,1070.341524,441.0,9.0,86.0
213011569,Deer Park,922.23871346,61.0,2.0,12.0,18004.0,953.618503,100.0,2.0,20.0
213011570,Derrimut,992.62433411,224.0,5.0,44.0,8653.0,1050.817938,388.0,8.0,76.0
213021341,Altona,1054.0470107,346.0,7.0,67.0,13556.0,1006.533674,247.0,5.0,49.0
213021342,Altona Meadows,967.56338668,163.0,4.0,32.0,18479.0,978.4021601,159.0,4.0,31.0
213021343,Altona North,1010.9838573,272.0,6.0,53.0,14931.0,962.7583682,126.0,3.0,25.0
213021344,Newport,1110.0166029,437.0,9.0,85.0,18753.0,1045.806674,372.0,8.0,73.0
213021345,Seabrook,1001.4542308,247.0,5.0,48.0,4952.0,1024.656792,301.0,6.0,59.0
213021346,Williamstown,1112.5704982,442.0,9.0,86.0,15912.0,1040.012611,351.0,7.0,69.0
213031347,Braybrook,1009.0777598,264.0,6.0,52.0,19068.0,917.9177703,50.0,1.0,10.0
213031348,Footscray,1083.5691546,403.0,8.0,78.0,17131.0,895.2967257,28.0,1.0,6.0
213031349,Maribyrnong,1078.0349986,385.0,8.0,75.0,12573.0,1003.259921,237.0,5.0,47.0
213031350,Seddon - Kingsville,1128.72952,456.0,9.0,89.0,9247.0,1008.361891,250.0,5.0,49.0
213031351,West Footscray - Tottenham,1078.1751866,386.0,8.0,75.0,11735.0,962.7275391,125.0,3.0,25.0
213031352,Yarraville,1115.2496031,443.0,9.0,86.0,15463.0,1035.130609,326.0,7.0,64.0
213041353,Bacchus Marsh,964.62872906,157.0,4.0,31.0,24717.0,1031.71216,318.0,7.0,62.0
213041358,Melton West,910.41408124,41.0,1.0,8.0,21208.0,999.0752805,216.0,5.0,43.0
213041359,Rockbank - Mount Cottrell,1018.9504769,289.0,6.0,56.0,17553.0,1075.976027,453.0,9.0,89.0
213041360,Taylors Hill,999.73596282,243.0,5.0,48.0,19539.0,1078.859663,463.0,10.0,91.0
213041461,Burnside,958.06134246,140.0,3.0,28.0,5800.0,1043.691941,365.0,8.0,72.0
213041462,Burnside Heights,1005.274445,255.0,5.0,50.0,6377.0,1061.692701,415.0,9.0,81.0
213041463,Caroline Springs,1013.3767396,276.0,6.0,54.0,20365.0,1040.223697,352.0,7.0,69.0
213041571,Brookfield,919.99504695,54.0,2.0,11.0,9829.0,1015.318666,269.0,6.0,53.0
213041572,Cobblebank - Strathtulloh,992.60615896,223.0,5.0,44.0,7598.0,1048.51194,383.0,8.0,75.0
213041573,Eynesbury - Exford,1008.8248174,263.0,6.0,51.0,2990.0,1119.424053,507.0,10.0,99.0
213041574,Fraser Rise - Plumpton,1020.5404131,292.0,6.0,57.0,10098.0,1087.064756,473.0,10.0,93.0
213041575,Hillside,983.83860242,198.0,4.0,39.0,16182.0,1068.821808,434.0,9.0,85.0
213041576,Kurunjang - Toolern Vale,899.09919331,27.0,1.0,6.0,11632.0,1001.440625,232.0,5.0,46.0
213041577,Melton,846.99770158,3.0,1.0,1.0,7886.0,907.6730756,37.0,1.0,8.0
213041578,Melton South - Weir Views,893.14660861,21.0,1.0,5.0,16658.0,939.9951237,73.0,2.0,15.0
213051361,Hoppers Crossing - North,948.68753002,120.0,3.0,24.0,18446.0,996.1771491,208.0,5.0,41.0
213051362,Hoppers Crossing - South,936.95505447,88.0,2.0,18.0,18772.0,965.9118842,131.0,3.0,26.0
213051363,Laverton,1028.1928248,309.0,6.0,60.0,11459.0,991.7094406,193.0,4.0,38.0
213051368,Werribee - South,999.69144767,242.0,5.0,47.0,16810.0,1000.981345,229.0,5.0,45.0
213051464,Point Cook - East,1073.7338426,379.0,8.0,74.0,19274.0,1074.644277,450.0,9.0,88.0
213051466,Point Cook - South,1098.4570532,422.0,9.0,82.0,19091.0,1083.287346,468.0,10.0,92.0
213051467,Werribee - East,911.84571768,43.0,1.0,9.0,19010.0,925.5660186,53.0,2.0,11.0
213051468,Werribee - West,979.48580385,187.0,4.0,37.0,22341.0,1023.587522,296.0,6.0,58.0
213051579,Manor Lakes - Quandong,1044.1598707,332.0,7.0,65.0,10616.0,1061.649227,414.0,9.0,81.0
213051580,Point Cook - North East,1035.6104303,317.0,7.0,62.0,14167.0,1046.239317,374.0,8.0,73.0
213051581,Point Cook - North West,1055.8447902,350.0,7.0,68.0,9565.0,1065.821251,426.0,9.0,83.0
213051582,Tarneit (West) - Mount Cottrell,1027.2601462,308.0,6.0,60.0,10132.0,1052.485469,391.0,8.0,77.0
213051583,Tarneit - Central,1015.6886778,282.0,6.0,55.0,28116.0,1039.109505,345.0,7.0,68.0
213051584,Tarneit - North,1029.0866109,311.0,7.0,61.0,7197.0,1062.592837,417.0,9.0,82.0
213051585,Tarneit - South,986.02804472,204.0,4.0,40.0,11182.0,1017.163059,276.0,6.0,54.0
213051586,Truganina - North,1039.8175675,326.0,7.0,64.0,9340.0,1071.726323,444.0,9.0,87.0
213051587,Truganina - South East,1058.7791271,360.0,7.0,70.0,9596.0,1060.133375,409.0,8.0,80.0
213051588,Truganina - South West,1009.247683,265.0,6.0,52.0,19065.0,1019.002033,283.0,6.0,56.0
213051589,Wyndham Vale - North,993.30086795,226.0,5.0,44.0,9032.0,1004.4523,239.0,5.0,47.0
213051590,Wyndham Vale - South,946.29674324,118.0,3.0,23.0,13546.0,1000.592064,225.0,5.0,44.0
214011370,Carrum Downs,937.79950135,95.0,2.0,19.0,21976.0,990.7905166,191.0,4.0,38.0
214011371,Frankston,995.20254666,231.0,5.0,45.0,23586.0,941.9242464,76.0,2.0,15.0
214011372,Frankston North,926.78710691,70.0,2.0,14.0,19453.0,927.9796061,59.0,2.0,12.0
214011373,Frankston South,1055.8703937,351.0,7.0,68.0,18801.0,1076.227262,454.0,9.0,89.0
214011374,Langwarrin,975.55027766,178.0,4.0,35.0,24939.0,1056.170649,401.0,8.0,79.0
214011375,Seaford (Vic.),992.60256976,222.0,5.0,43.0,17215.0,970.4933686,141.0,3.0,28.0
214011376,Skye - Sandhurst,996.008542,234.0,5.0,46.0,13303.0,1082.479344,467.0,10.0,91.0
214021377,Dromana,991.74858772,218.0,5.0,43.0,13366.0,1012.993171,261.0,6.0,51.0
214021378,Flinders,1110.0008264,436.0,9.0,85.0,5995.0,1096.14771,489.0,10.0,96.0
214021379,Hastings - Somers,965.073106,158.0,4.0,31.0,23970.0,1006.477558,245.0,5.0,48.0
214021381,Mount Eliza,1099.4632219,426.0,9.0,83.0,18734.0,1129.183418,509.0,10.0,100.0
214021382,Mount Martha,1060.1603792,362.0,8.0,71.0,19846.0,1090.10967,476.0,10.0,93.0
214021383,Point Nepean,1024.1633545,300.0,6.0,59.0,19811.0,1028.64571,312.0,7.0,61.0
214021384,Rosebud - McCrae,946.77998004,119.0,3.0,24.0,22944.0,976.5790269,152.0,3.0,30.0
214021385,Somerville,974.05345372,174.0,4.0,34.0,18522.0,1054.297601,397.0,8.0,78.0
214021591,Mornington - East,986.80926305,209.0,5.0,41.0,15175.0,1024.074678,299.0,6.0,59.0
214021592,Mornington - West,1055.2725502,349.0,7.0,68.0,10581.0,997.8893599,213.0,5.0,42.0
215011386,Ararat,896.1776916,24.0,1.0,5.0,8500.0,936.8420871,67.0,2.0,14.0
215011387,Ararat Surrounds,1020.9128941,295.0,6.0,58.0,3204.0,1029.415066,315.0,7.0,62.0
215011388,Horsham,943.92464072,113.0,3.0,22.0,16985.0,958.2869024,110.0,3.0,22.0
215011389,Horsham Surrounds,1010.7206279,270.0,6.0,53.0,3471.0,1048.808929,384.0,8.0,75.0
215011390,Nhill Region,942.02473959,107.0,3.0,21.0,6956.0,967.0463187,136.0,3.0,27.0
215011391,St Arnaud,927.45204408,72.0,2.0,14.0,3453.0,962.6631102,124.0,3.0,25.0
215011392,Stawell,911.44993419,42.0,1.0,9.0,8504.0,957.7290129,105.0,3.0,21.0
215011393,West Wimmera,986.5917392,206.0,4.0,40.0,2766.0,1003.023873,236.0,5.0,46.0
215011394,Yarriambiack,944.18253781,114.0,3.0,23.0,6501.0,957.5598316,104.0,3.0,21.0
215021395,Irymple,958.5665799,144.0,3.0,28.0,7700.0,1039.504154,346.0,7.0,68.0
215021396,Merbein,902.75207264,33.0,1.0,7.0,4976.0,987.608111,182.0,4.0,36.0
215021398,Mildura Surrounds,938.9466305,96.0,2.0,19.0,3726.0,985.4374144,178.0,4.0,35.0
215021399,Red Cliffs,891.52719135,18.0,1.0,4.0,6138.0,961.8497186,119.0,3.0,24.0
215021469,Mildura - North,909.40328495,40.0,1.0,8.0,18027.0,891.7621825,23.0,1.0,5.0
215021470,Mildura - South,936.13030367,85.0,2.0,17.0,16408.0,955.7966028,101.0,2.0,20.0
215031400,Buloke,958.1109319,141.0,3.0,28.0,6184.0,966.1532261,134.0,3.0,27.0
215031401,Gannawarra,915.55623927,47.0,1.0,10.0,6719.0,984.1959625,175.0,4.0,35.0
215031402,Kerang,906.52075567,36.0,1.0,7.0,3960.0,930.6186289,62.0,2.0,13.0
215031403,Robinvale,865.68412502,7.0,1.0,2.0,3740.0,893.7767882,25.0,1.0,5.0
215031404,Swan Hill,937.31609071,92.0,2.0,18.0,11186.0,947.8135205,86.0,2.0,17.0
215031405,Swan Hill Surrounds,923.96266542,66.0,2.0,13.0,6477.0,991.7524703,194.0,4.0,38.0
216011406,Echuca,923.88426347,65.0,2.0,13.0,15636.0,976.6707647,153.0,3.0,30.0
216011407,Kyabram,916.28541364,48.0,1.0,10.0,11121.0,972.1890861,143.0,3.0,28.0
216011408,Lockington - Gunbower,941.1366322,104.0,3.0,21.0,3927.0,1034.292218,322.0,7.0,63.0
216011409,Rochester,903.58198607,34.0,1.0,7.0,4016.0,978.0580562,157.0,4.0,31.0
216011410,Rushworth,923.35816304,64.0,2.0,13.0,4193.0,967.0751839,137.0,3.0,27.0
216021411,Cobram,879.97065911,10.0,1.0,2.0,6465.0,937.4707289,68.0,2.0,14.0
216021412,Moira,951.02095077,122.0,3.0,24.0,2843.0,1013.829445,264.0,6.0,52.0
216021413,Numurkah,927.00146946,71.0,2.0,14.0,12555.0,984.1589663,174.0,4.0,34.0
216021414,Yarrawonga,920.54715286,55.0,2.0,11.0,8661.0,975.6319354,150.0,3.0,30.0
216031415,Mooroopna,882.68902271,11.0,1.0,3.0,8312.0,913.6875248,41.0,1.0,8.0
216031416,Shepparton - North,966.13685721,160.0,4.0,31.0,19928.0,962.8083463,127.0,3.0,25.0
216031418,Shepparton Surrounds - East,994.97660328,230.0,5.0,45.0,4017.0,1046.78915,376.0,8.0,74.0
216031419,Shepparton Surrounds - West,951.08174396,123.0,3.0,24.0,10346.0,993.0453659,197.0,4.0,39.0
216031593,Kialla,992.90227637,225.0,5.0,44.0,9082.0,1066.019778,429.0,9.0,84.0
216031594,Shepparton - South East,891.79945577,19.0,1.0,4.0,16520.0,898.2088146,29.0,1.0,6.0
217011420,Glenelg (Vic.),932.91152839,83.0,2.0,17.0,8920.0,999.2288517,218.0,5.0,43.0
217011421,Hamilton (Vic.),937.36134373,93.0,2.0,18.0,10346.0,965.9529429,132.0,3.0,26.0
217011422,Portland,893.53513114,22.0,1.0,5.0,11230.0,946.5146584,84.0,2.0,17.0
217011423,Southern Grampians,1009.6036863,266.0,6.0,52.0,6301.0,1019.680864,288.0,6.0,57.0
217031471,Camperdown,918.41958804,51.0,1.0,10.0,3491.0,960.490145,116.0,3.0,23.0
217031472,Colac,875.48118813,9.0,1.0,2.0,12756.0,957.8579467,106.0,3.0,21.0
217031473,Colac Surrounds,988.45929127,212.0,5.0,42.0,5669.0,1043.199308,363.0,8.0,71.0
217031474,Corangamite - North,941.89621348,106.0,3.0,21.0,5395.0,981.3253813,168.0,4.0,33.0
217031475,Corangamite - South,966.83612688,162.0,4.0,32.0,7180.0,1029.56805,316.0,7.0,62.0
217031476,Otway,991.68639394,217.0,5.0,42.0,4008.0,984.4201088,176.0,4.0,35.0
217041477,Moyne - East,985.98623789,203.0,4.0,40.0,7018.0,1035.279801,328.0,7.0,64.0
217041478,Moyne - West,1000.2022178,245.0,5.0,48.0,10014.0,1035.243489,327.0,7.0,64.0
217041479,Warrnambool - North,945.25660577,116.0,3.0,23.0,22405.0,988.795669,187.0,4.0,37.0
217041480,Warrnambool - South,978.74216477,185.0,4.0,36.0,13337.0,973.7701926,148.0,3.0,29.0
