postcode,2001_population,2002_population,2003_population,2004_population,2005_population,2006_population,2007_population,2008_population,2009_population,2010_population,2011_population,2012_population,2013_population,2014_population,2015_population,2016_population,2017_population,2018_population,2019_population,2020_population,2021_population,2022_population,2023_population,ERP_2023_change_number,natural_2023_increase_number,internal_2023_migration_number,overseas_2023_migration_number,area_in_square_kilometers,estimated_2024_population,IEO_Score,IEO_State Rank,IEO_State Decile,IEO_State Percentile,IER_Usual Resident Population,IER_Score,IER_State Rank,IER_State Decile,IER_State Percentile,ERP_2023_change_percentage(%),population_density_2023
3000,7644,9592,11400,12727,14292,15249,16225,17325,18751,20382,21815,24882,29650,33626,37162,40181,44570,47554,49645,50297,43577,46906,54001,7095,137,-590,7548,2.4,62187,1142.28,475.0,10.0,92.67,42366.0,754.88,2.33,1.0,1.0,13.14,22500.42
3002,3731,3859,4243,4460,4495,4555,4806,5055,5202,5272,5238,5280,5333,5374,5411,5475,5496,5412,5416,5383,4959,4889,5100,211,-8,-12,231,2.9,5319,1188.74,515.0,10.0,100.0,4896.0,980.32,164.0,4.0,32.0,4.14,1758.62
3003,2413,2503,2570,2748,2903,3072,3216,3419,3587,3678,3732,4091,4461,4835,5223,5645,6087,6601,7094,7567,7614,8026,8724,698,46,-15,667,7.0,9483,1150.35,483.0,10.0,94.0,7446.0,881.66,16.0,1.0,4.0,8.0,1246.29
3004,8558,8675,8836,8965,9145,9340,9650,9924,10268,10494,10751,11323,11798,12234,12561,13014,13315,13589,13676,13380,12086,12256,13186,930,74,-16,872,1.5,14188,1122.29,451.0,9.0,88.0,11857.0,904.28,34.0,1.0,7.0,7.05,8790.67
3006,4330,5645,7102,8167,9097,9863,10697,11408,11931,12130,12174,13746,15964,17355,18626,20288,21577,23153,24402,24856,23113,24199,26166,1967,153,-389,2203,1.6,28292,1154.23,487.0,10.0,94.5,22564.0,874.64,15.0,1.0,3.5,7.52,16353.75
3008,154,926,1913,3089,3779,4152,4592,5040,5402,5780,6196,6802,7988,9170,10444,11832,13922,15436,16369,16671,15905,16491,17723,1232,103,-423,1552,2.4,19052,1159.82,496.0,10.0,96.0,15493.0,875.23,14.0,1.0,3.0,6.95,7384.58
3011,19645,19641,19733,19772,19933,20129,20441,20927,21384,21832,22726,23294,24371,25448,26283,27054,27450,27718,27869,27816,26782,27501,29532,2031,150,-32,1913,6.7,31749,1106.15,429.5,8.5,83.5,26378.0,951.83,139.0,3.0,27.5,6.88,4407.76
3012,9807,9801,9825,9879,9988,10152,10307,10543,10700,10743,10713,10966,11220,11527,11849,12058,12148,12258,12447,12370,11881,11996,12592,596,138,2,456,6.0,13222,1078.18,386.0,8.0,75.0,11735.0,962.73,125.0,3.0,25.0,4.73,2098.67
3013,12573,12549,12686,12854,13006,13205,13536,13815,14030,14185,14325,14556,14791,15074,15330,15656,15804,15991,16092,16068,15651,15661,16020,359,109,-112,362,5.6,16388,1115.25,443.0,9.0,86.0,15463.0,1035.13,326.0,7.0,64.0,2.24,2860.71
3015,14723,14823,14921,14984,15186,15474,15864,16182,16493,16670,16798,17106,17399,17756,18134,18523,18726,18975,19261,19414,18983,18961,19487,526,142,18,366,8.8,20033,1110.02,437.0,9.0,85.0,18753.0,1045.81,372.0,8.0,73.0,2.7,2214.43
3016,14056,14275,14363,14449,14550,14751,14950,15119,15400,15393,15354,15470,15578,15781,16006,16389,16501,16655,16795,16659,16075,16179,16586,407,36,8,363,7.3,17001,1112.57,442.0,9.0,86.0,15912.0,1040.01,351.0,7.0,69.0,2.45,2272.05
3018,12221,12120,12045,11919,11864,11857,11915,12041,12152,12213,12260,12361,12544,12757,12979,13206,13443,13657,13861,13878,13655,13728,13899,171,47,-132,256,17.7,14066,1054.05,346.0,7.0,67.0,13556.0,1006.53,247.0,5.0,49.0,1.23,785.25
3019,12851,12995,13028,13039,13184,13482,14178,14881,15633,16343,16719,17177,17708,18296,18759,19224,19557,19700,19811,19901,19359,19541,20210,669,113,-434,990,7.5,20897,1009.08,264.0,6.0,52.0,19068.0,917.92,50.0,1.0,10.0,3.31,2694.67
3020,35158,35131,35064,35110,35160,35300,35442,35931,36748,37414,37858,38574,39303,40132,40986,41897,42412,42672,42711,42184,40499,39926,40726,800,160,-624,1264,25.7,41536,946.35,114.67,2.67,22.33,40050.0,930.04,59.33,2.0,12.0,1.96,1584.67
3021,51679,51219,50509,50074,49768,49365,49388,49760,50282,50803,51197,51372,51663,52059,52588,53536,54385,54841,55061,54525,52570,51314,52135,821,196,-1037,1662,17.2,52966,892.92,23.67,1.0,5.0,52018.0,901.05,32.0,1.33,6.67,1.57,3031.1
3022,6640,6597,6560,6523,6523,6556,6559,6758,7087,7334,7387,7520,7668,7773,7937,8202,8229,8228,8183,8082,7590,7480,7711,231,48,-140,323,4.6,7950,970.38,167.0,4.0,33.0,7502.0,893.53,24.0,1.0,5.0,3.0,1676.3
3023,19048,21733,25102,28636,31930,34831,38379,41987,46337,50268,53187,55392,57358,58786,60017,61398,62451,63197,63332,63095,61292,61073,61970,897,485,-919,1331,24.1,62897,973.39,179.2,4.0,35.2,60584.0,1028.57,319.2,6.8,62.6,1.45,2571.37
3024,9631,10039,10505,11084,12203,13351,14610,16036,17616,19356,20749,22589,24238,25470,26455,27721,32053,38472,45448,52493,61887,71938,80341,8403,1620,5677,1106,290.7,90071,1005.99,254.6,5.4,49.6,60879.0,1039.03,344.4,7.2,67.6,10.46,276.37
3025,13206,13121,12995,12906,12869,12844,12877,12974,13150,13366,13558,13786,14003,14271,14519,14787,14999,15185,15400,15396,15084,15071,15387,316,72,4,240,16.2,15710,1010.98,272.0,6.0,53.0,14931.0,962.76,126.0,3.0,25.0,2.05,949.81
3026,76,149,347,591,1037,1556,2366,3192,4303,5272,6243,6837,7441,7946,8223,8686,8962,9037,9114,9015,8748,8726,8851,125,91,-194,228,13.3,8975,992.62,224.0,5.0,44.0,8653.0,1050.82,388.0,8.0,76.0,1.41,665.49
3028,28818,29036,29169,28927,29056,29118,29453,29603,29926,30128,30371,31029,31676,32499,33504,34899,35836,36397,36898,36722,35302,35118,35991,873,270,-332,935,34.3,36889,999.07,239.67,5.0,46.67,34890.0,998.26,217.67,4.67,42.67,2.43,1049.3
3029,40119,41164,42914,44803,46996,49544,53558,57526,62228,67511,72718,78368,83099,88461,94806,101121,106521,111714,116773,121215,123592,127501,132679,5178,1956,-556,3778,70.5,138421,1003.04,244.5,5.25,48.0,121714.0,1028.98,314.12,6.62,61.75,3.9,1881.97
3030,38444,40722,43900,47433,51306,54514,57816,61584,65779,70479,75058,79552,83704,87891,92130,96955,102783,108677,114927,120049,121911,125726,130714,4988,1322,611,3055,286.4,136033,1022.1,277.14,5.86,54.14,120258.0,1031.45,328.0,7.0,64.29,3.82,456.4
3031,7723,8049,8201,8655,8886,9076,9549,9901,10237,10313,10345,10574,10850,11119,11381,11621,11628,11579,11694,11497,10950,11089,11482,393,87,-85,391,3.8,11893,1173.52,498.0,10.0,96.5,10822.0,961.07,117.0,2.5,23.5,3.42,3021.58
3032,18488,19166,19889,20317,20808,21440,22479,23407,24039,24522,24806,25495,26183,26988,27781,28447,28844,28956,29015,29047,28063,28097,29136,1039,192,-195,1042,9.3,30209,1085.38,400.5,8.5,78.0,27764.0,992.24,202.0,4.5,40.0,3.57,3132.9
3033,14065,13937,13763,13650,13545,13542,13592,13639,13727,13796,13885,14037,14254,14594,14938,15200,15263,15357,15475,15471,15174,15196,15312,116,-8,-50,174,5.5,15434,1017.73,287.0,6.0,56.0,15073.0,1037.25,339.0,7.0,66.0,0.76,2784.0
3034,11834,11735,11600,11494,11409,11403,11434,11507,11542,11548,11509,11599,11710,11855,12022,12199,12329,12451,12628,12642,12473,12393,12570,177,-79,32,224,5.4,12746,1003.29,252.0,5.0,49.0,12388.0,1016.12,271.0,6.0,53.0,1.41,2327.78
3036,9341,9257,9150,9080,9000,8937,8836,8800,8767,8678,8634,8662,8724,8806,8886,8993,9013,9012,8953,8778,8596,8541,8562,21,-8,-38,67,17.5,8579,1007.99,260.0,6.0,51.0,8548.0,1057.55,403.0,8.0,79.0,0.25,489.26
3037,18498,20185,21970,23827,26088,28489,30772,32693,34506,36030,36838,37926,38976,39827,40733,41644,41901,41864,41767,41253,39801,39529,39715,186,173,-827,840,13.4,39900,954.7,142.67,3.33,28.33,39342.0,1010.54,258.67,5.67,51.0,0.47,2963.81
3038,32757,33159,33323,33334,33384,33443,33507,33529,33539,33357,33146,32894,32727,32546,32434,32398,32233,32045,31739,31181,30263,29761,29938,177,88,-286,375,26.2,30116,975.39,183.5,4.0,36.0,29992.0,1033.16,324.0,7.0,63.5,0.59,1142.67
3039,12608,12691,12777,12830,12971,13123,13287,13618,14014,14164,14168,14436,14666,14820,14949,15158,15495,15778,16093,16639,16400,16591,17203,612,35,79,498,4.4,17840,1115.8,447.0,9.0,87.0,16224.0,997.78,212.0,5.0,42.0,3.56,3909.77
3040,23968,23933,23925,24025,24167,24395,24583,24854,25262,25575,25845,26169,26631,27304,28065,28946,29340,29546,29672,29683,28489,28482,29292,810,45,-63,828,8.5,30121,1097.09,420.0,8.5,81.5,28233.0,1015.87,269.5,6.0,53.0,2.77,3446.12
3041,15835,15788,15755,15730,15777,15865,15956,16152,16445,16594,16631,16725,16889,17099,17423,17871,18176,18438,18701,18639,18347,18479,18787,308,65,-1,244,7.8,19101,1051.16,345.0,7.0,67.0,18204.0,1037.54,335.0,7.0,65.5,1.64,2408.59
3042,5903,5929,5951,5979,6005,6089,6153,6280,6350,6458,6472,6594,6742,6896,7069,7250,7365,7504,7594,7646,7520,7573,7797,224,57,34,133,2.8,8031,1063.54,367.0,8.0,71.0,7460.0,1042.04,357.0,7.0,70.0,2.87,2784.64
3043,26121,26415,26545,26439,26525,26784,27028,27170,27296,27243,27202,27286,27398,27589,27808,28093,28345,28523,28588,28578,27945,27643,27953,310,109,-270,471,19.3,28258,977.93,187.33,4.33,37.0,27711.0,1012.32,266.33,5.67,52.33,1.11,1448.34
3044,21859,21835,21867,21946,22139,22505,23008,23355,24011,24419,24568,25120,25590,26183,26798,27690,28249,28694,28835,28787,27865,27896,28562,666,141,-142,667,7.6,29241,1073.26,381.0,8.0,74.5,27604.0,1014.55,266.5,5.5,52.5,2.33,3758.16
3045,149,148,144,142,137,133,138,141,144,149,158,165,173,179,187,194,181,168,156,143,130,130,130,0,0,0,0,30.4,130,995.22,232.0,5.0,45.0,126.0,987.84,184.0,4.0,36.0,0.0,4.28
3046,30427,30152,29975,30073,30133,30374,30693,31179,31883,32429,32937,33500,34109,34891,35648,36668,37522,38327,38977,39358,38232,38377,39594,1217,294,-446,1369,14.3,40849,1028.19,298.5,6.25,58.25,37779.0,965.84,137.25,3.25,27.25,3.07,2768.81
3047,12127,11987,11823,11617,11518,11465,11461,11551,11791,12048,12243,12486,12759,13136,13529,13916,14288,14555,14765,14747,14063,13948,14343,395,120,-341,616,8.8,14745,902.56,31.0,1.0,6.0,13859.0,854.21,8.0,1.0,2.0,2.75,1629.89
3048,15929,15761,15588,15310,15213,15167,15405,15580,15692,15759,15767,15739,15752,15764,15755,15779,15847,15876,15868,15840,15070,14645,14879,234,133,-299,400,4.6,15117,901.43,30.0,1.0,6.0,14890.0,916.9,48.0,1.0,10.0,1.57,3234.57
3051,9226,9436,9680,10078,10375,10642,11061,11393,11822,12197,12629,13321,14175,14809,15556,16464,17002,17585,17941,18154,15945,16609,18017,1408,57,-318,1669,2.4,19548,1138.74,470.0,10.0,91.0,15637.0,847.63,7.0,1.0,2.0,7.81,7507.08
3052,5332,5327,5253,5201,5157,5270,5649,6000,6331,6482,6551,6872,7174,7447,7682,7898,8182,8242,8291,8318,7428,7475,8003,528,-37,-137,702,4.0,8571,1162.56,500.0,10.0,97.0,7297.0,914.42,44.0,1.0,9.0,6.6,2000.75
3053,9529,10022,10611,11224,11924,12737,13509,14133,14687,14926,15122,15605,16719,17843,18983,20242,20651,20831,21029,20865,17064,18057,21376,3319,2,-405,3722,1.8,25309,1143.09,475.0,10.0,92.0,16655.0,773.1,3.0,1.0,1.0,15.53,11875.56
3054,8433,8450,8457,8484,8525,8586,8692,8747,8761,8801,8786,8800,8835,8893,8964,9058,9026,9025,8994,8899,8290,8158,8531,373,46,-77,404,2.3,8923,1168.98,507.0,10.0,99.0,8186.0,968.89,139.0,3.0,28.0,4.37,3709.13
3055,21798,22075,22254,22455,22756,23158,23726,24363,25004,25431,25870,26365,26893,27425,27918,28377,28540,28895,29190,29245,27705,28075,29469,1394,102,52,1240,5.9,30942,1134.8,467.0,9.5,91.0,27301.0,946.65,84.5,2.0,17.0,4.73,4994.75
3056,11278,11235,11210,11219,11237,11243,11364,11510,11686,11856,11981,12254,12548,12922,13225,13581,13728,13928,14022,14124,13077,13266,14057,791,49,165,577,2.4,14900,1131.63,458.0,9.0,89.0,12890.0,948.46,87.0,2.0,17.0,5.63,5857.08
3057,7263,7304,7329,7514,7658,7803,8058,8313,8586,8789,8966,9208,9870,10439,11062,11716,12154,12392,12602,13064,12964,13309,13765,456,84,-187,559,2.2,14233,1162.19,499.0,10.0,97.0,12738.0,942.86,77.0,2.0,15.0,3.31,6256.82
3058,29320,29518,29635,29877,30271,30646,31206,31809,32541,32799,33086,33509,34014,34601,35209,35914,36344,36666,36719,36563,35372,35684,36895,1211,154,3,1054,11.8,38146,1087.11,404.33,8.33,78.67,34991.0,984.95,183.0,4.0,36.33,3.28,3126.69
3059,9950,10178,10573,11173,11636,12028,12248,12535,12902,13243,13543,13732,13991,14584,15629,17123,18267,19485,20327,21279,22406,23526,24613,1087,256,567,264,95.9,25745,1013.3,275.0,6.0,54.0,22095.0,1092.14,482.0,10.0,94.0,4.42,256.65
3060,12297,12219,12164,12181,12167,12250,12481,12674,12970,13106,13171,13316,13527,13876,14185,14460,14673,14795,14917,14781,14184,14192,14707,515,123,-155,547,5.1,15236,984.07,200.0,4.0,39.0,14002.0,936.73,66.0,2.0,13.0,3.5,2883.73
3061,16125,16117,16040,15948,15917,15921,15997,16222,16455,16587,16735,16760,16836,16921,17013,17122,17170,17185,17146,16885,16245,15882,16220,338,100,-243,481,18.2,16561,885.57,13.0,1.0,3.0,16057.0,901.79,32.0,1.0,7.0,2.08,891.21
3064,26696,29601,32533,35335,37937,40558,43501,46429,49786,52596,55421,59489,64193,68950,73603,79375,86177,93257,101511,108873,114037,120062,126160,6098,1760,1218,3120,118.4,132731,963.13,152.88,3.38,30.0,112433.0,1012.9,263.25,5.5,51.88,4.83,1065.54
3065,19445,19665,19843,20047,20447,20847,21321,21794,22154,22401,22357,22819,23151,23538,23957,24388,24583,24709,24902,24958,23553,23785,24866,1081,67,-123,1137,3.9,26006,1147.94,480.5,9.5,93.5,23212.0,923.03,68.5,2.0,14.0,4.35,6375.9
3066,5221,5419,5537,5602,5653,5761,5939,6185,6454,6684,6867,7209,7427,8022,8582,9235,9444,9605,9829,9969,9351,9679,10485,806,58,170,578,1.3,11355,1109.22,435.0,9.0,85.0,9179.0,864.23,13.0,1.0,3.0,7.69,8065.38
3067,4150,4339,4444,4452,4498,4537,4638,4727,4833,5029,5213,5544,6539,7411,8078,8770,9291,9527,9594,9672,9258,9513,10008,495,54,-41,482,1.7,10528,1162.83,501.0,10.0,97.0,9088.0,951.22,95.0,2.0,19.0,4.95,5887.06
3068,7673,7687,7739,7833,7909,8034,8225,8372,8519,8595,8621,8814,9001,9237,9449,9606,9679,9768,9993,10163,9978,10280,10973,693,79,238,376,5.2,11708,1174.6,511.0,10.0,99.0,9855.0,1026.13,303.0,6.0,59.0,6.32,2110.19
3070,21150,21244,21369,21567,21817,22220,22726,23282,23821,24070,24152,24419,24982,25551,25992,26424,26641,26904,27035,27070,25653,25629,26289,660,91,-69,638,6.1,26956,1151.06,485.0,10.0,94.5,25367.0,1001.72,227.0,5.0,44.5,2.51,4309.67
3071,17056,17084,17084,17118,17193,17368,17622,17880,18064,18177,18258,18484,18773,18985,19254,19578,19720,19714,19729,19791,19153,19189,19615,426,83,-83,426,5.0,20047,1116.9,448.0,9.0,87.0,18919.0,974.49,149.0,3.0,29.0,2.17,3923.0
3072,27853,27832,27755,28001,28418,28716,29150,29834,30502,30888,31400,31702,32046,32554,33219,34059,34474,34666,34853,35024,33821,33893,35161,1268,174,-60,1154,11.3,36480,1077.28,387.0,8.0,75.0,33407.0,964.51,126.5,3.0,25.5,3.61,3111.59
3073,47039,46807,46623,46698,46852,47329,47738,48401,49106,49490,49750,50569,51295,51961,52645,53666,54122,54333,54422,54108,52051,51959,53429,1470,160,-436,1746,19.1,54955,1010.64,263.25,5.5,51.5,51485.0,948.95,99.5,2.25,19.75,2.75,2797.33
3074,22546,22382,22228,21869,21570,21422,21328,21398,21512,21526,21430,21420,21430,21432,21442,21485,21490,21458,21367,21173,20201,19992,20197,205,82,-419,542,14.7,20399,914.47,46.0,1.0,9.0,19998.0,935.46,64.0,2.0,13.0,1.02,1373.95
3075,21412,21237,20980,20603,20349,20172,20182,20345,20527,20677,20782,21313,22013,22612,23290,23874,24213,24372,24434,24326,23648,23485,23782,297,116,-387,568,12.0,24082,928.27,78.0,2.0,15.5,23460.0,956.83,118.5,3.0,23.5,1.25,1981.83
3076,19034,19239,19356,19362,19545,19775,20883,22154,23568,24544,27360,28609,29979,31180,32544,33912,34748,35145,35292,35000,33827,33658,34354,696,212,-358,842,31.1,35070,957.02,141.67,3.33,28.0,33491.0,986.99,188.67,4.0,37.0,2.03,1104.63
3078,7885,7924,7951,7976,8032,8105,8189,8270,8377,8506,8561,8706,8827,8944,9134,9434,9473,9415,9467,9538,9069,9163,9491,328,41,41,246,2.9,9833,1137.71,465.0,9.0,90.0,8994.0,1004.82,241.0,5.0,47.0,3.46,3272.76
3079,18149,18117,18195,18164,18292,18597,18870,19243,19515,19619,19649,19712,19761,19813,19939,20117,20448,20778,21010,20867,20358,20400,20901,501,2,66,433,9.3,21418,1140.95,469.0,9.5,91.0,20198.0,1071.79,424.0,8.5,83.0,2.4,2247.42
3082,32360,32450,32393,32358,32437,32683,32658,32636,32603,32179,31856,31564,31281,31250,31163,31238,31057,30847,30523,30171,28979,28488,28737,249,142,-390,497,13.0,28983,979.5,185.5,4.0,36.5,28710.0,1007.51,245.5,5.5,48.0,0.87,2210.54
3083,24216,25336,26480,27075,28082,29112,30157,31045,32036,32528,32854,33611,34383,35088,35817,36672,36851,36906,36518,36043,34130,34409,36033,1624,50,-369,1943,20.4,37766,1025.82,295.5,6.25,57.5,33775.0,993.4,206.0,4.75,40.25,4.51,1766.32
3084,26105,26102,26082,25983,26146,26334,26773,27024,27629,27896,28199,28619,29071,29504,29879,30338,30952,31356,32042,32190,31241,31602,32445,843,111,-51,783,13.1,33313,1080.35,389.0,8.0,76.0,30891.0,973.18,179.0,3.5,35.0,2.6,2476.72
3085,18270,18170,18096,18037,18134,18286,18501,18642,18885,18874,18775,18782,18820,18882,18943,19018,19120,19220,19244,19188,18891,18834,19039,205,38,-169,336,10.2,19248,1080.57,394.0,8.0,77.0,18733.0,1042.03,356.0,7.0,70.0,1.08,1866.57
3087,30827,30487,30236,29797,29733,29753,30002,30172,30273,30303,30307,30341,30443,30552,30683,30890,30962,31011,30981,30849,30300,30108,30341,233,148,-283,368,13.9,30579,1051.51,346.5,7.5,67.5,30043.0,1036.14,339.5,7.0,66.5,0.77,2182.81
3088,15726,15742,15700,15615,15651,15668,15769,15863,16110,16182,16165,16182,16222,16299,16508,16792,16866,16921,16958,16905,16660,16642,16852,210,81,-45,174,12.0,17071,1078.46,387.0,8.0,75.0,16539.0,1061.19,411.0,8.0,80.0,1.25,1404.33
3091,7787,7888,8033,8220,8476,8722,8828,9047,9266,9344,9401,9512,9580,9666,9706,9794,9838,9858,9869,9763,9521,9435,9570,135,-21,84,72,29.1,9704,1055.05,347.0,7.0,68.0,9454.0,1124.14,508.0,10.0,99.0,1.41,328.87
3096,12601,12623,12517,12624,12787,12946,13267,13551,13783,13902,13931,13987,14058,14150,14221,14351,14424,14507,14498,14579,14538,14434,14548,114,94,-61,81,26.8,14664,1046.08,336.0,7.0,65.0,14417.0,1104.08,500.0,10.0,98.0,0.78,542.84
3099,3718,3698,3649,3645,3656,3665,3662,3697,3675,3668,3660,3645,3629,3611,3603,3605,3626,3626,3624,3632,3576,3542,3529,-13,10,-40,17,14.8,3515,1050.1,341.0,7.0,66.0,3554.0,1076.65,457.0,9.0,89.0,-0.37,238.45
3101,24072,23938,23753,23667,23596,23583,23790,24371,24660,24757,24856,25123,25460,25957,26223,26504,26606,26656,26588,26137,24860,24929,25551,622,-28,-100,750,10.5,26194,1159.67,494.0,10.0,96.0,24640.0,1058.24,406.0,8.5,79.5,2.43,2433.43
3102,6115,6137,6141,6156,6201,6239,6305,6407,6484,6519,6552,6581,6627,6679,6742,6855,6845,6786,6784,6783,6555,6572,6636,64,3,-106,167,4.0,6702,1137.91,466.0,10.0,91.0,6482.0,1065.21,424.0,9.0,83.0,0.96,1659.0
3103,15317,15393,15462,15541,15694,15879,15988,16084,16187,16272,16314,16319,16382,16477,16573,16679,16920,17081,17156,17031,16323,16319,16725,406,-51,-240,697,5.6,17143,1141.5,474.0,10.0,92.0,16163.0,1039.67,349.0,7.0,68.0,2.43,2986.61
3104,19958,20043,20099,20172,20289,20412,20532,20657,20753,20815,20850,21005,21155,21245,21332,21440,21618,21780,21935,21930,21406,21322,21883,561,-11,-181,753,8.8,22452,1126.5,454.0,9.0,88.0,21123.0,1077.91,460.0,9.0,90.0,2.56,2486.7
3105,11057,11070,11046,10990,10920,10867,11013,11136,11290,11350,11376,11397,11434,11468,11504,11565,11585,11631,11626,11657,11370,11434,11647,213,11,-36,238,6.7,11868,1061.37,364.0,8.0,71.0,11289.0,1037.18,338.0,7.0,66.0,1.83,1738.36
3106,17182,17209,17187,17171,17178,17208,17267,17314,17376,17371,17344,17381,17427,17469,17550,17682,17713,17680,17674,17548,17101,17164,17457,293,-98,-34,425,16.1,17754,1086.6,409.0,8.0,80.0,16966.0,1093.68,485.0,10.0,95.0,1.68,1084.29
3107,13634,13614,13550,13486,13460,13505,13590,13687,13781,13816,13792,13844,13914,14006,14155,14305,14403,14419,14441,14581,14280,14346,14445,99,-81,-78,258,5.9,14546,1078.51,388.0,8.0,76.0,14191.0,1057.65,404.0,8.0,79.0,0.69,2448.31
3108,18365,18506,18540,18562,18562,18599,18717,18834,19015,19131,19343,19659,20097,20505,21076,21885,22707,23236,24172,25118,25173,25683,26905,1222,64,1,1157,8.8,28196,1083.71,404.0,8.0,79.0,24814.0,1005.59,242.0,5.0,48.0,4.54,3057.39
3109,27160,27210,27227,27256,27330,27439,27743,28056,28270,28317,28356,28578,28788,29165,29544,29924,30441,30833,31718,32086,31379,31512,32478,966,-5,-328,1299,11.2,33485,1075.06,384.0,8.0,75.0,31126.0,1043.02,353.5,7.0,69.0,2.97,2899.82
3111,15852,15842,15816,15798,15878,15992,16064,16172,16222,16223,16152,16190,16282,16399,16520,16715,16769,16804,16777,16668,16410,16405,16511,106,-77,-59,242,20.8,16610,1085.89,408.0,8.0,79.0,16275.0,1100.01,495.0,10.0,97.0,0.64,793.8
3113,16828,16923,17032,17046,17180,17254,17263,17295,17334,17339,17348,17386,17424,17459,17514,17620,17641,17611,17552,17403,17168,17059,17118,59,24,-125,160,95.6,17176,1091.19,413.5,8.5,80.5,17047.0,1141.07,511.5,10.0,100.0,0.34,179.06
3116,8807,9003,9078,9074,9135,9212,9251,9307,9387,9420,9422,9497,9590,9711,9941,10266,10678,11046,11468,11767,11876,12087,12392,305,104,90,111,22.2,12702,1014.23,278.0,6.0,54.0,11779.0,1073.71,448.0,9.0,88.0,2.46,558.2
3121,24372,24672,24936,25227,25510,25883,26313,26774,27312,27583,27841,28874,29816,30936,31722,32686,33290,33734,34159,33954,32051,31930,33568,1638,188,-122,1572,6.2,35290,1137.27,469.5,9.5,91.0,31538.0,935.24,95.5,2.5,19.0,4.88,5414.19
3122,19711,19812,19969,20182,20326,20531,20863,21091,21470,21721,22013,22356,23046,23629,24047,24548,24737,24788,24699,24222,22154,22339,23481,1142,45,-81,1178,5.7,24681,1169.12,507.0,10.0,98.5,21847.0,989.66,192.5,4.5,38.0,4.86,4119.47
3123,12912,13172,13343,13423,13505,13626,13835,14022,14241,14369,14417,14531,14732,15066,15601,16192,16470,16676,16756,16698,15881,16115,16878,763,15,67,681,3.8,17671,1164.25,503.0,10.0,98.0,15684.0,1013.99,265.0,6.0,52.0,4.52,4441.58
3124,20073,20112,20126,20144,20202,20218,20339,20479,20701,20822,20918,21144,21381,21739,22179,22646,22799,22812,22839,22604,21500,21286,21813,527,-78,-53,658,7.3,22358,1156.34,491.0,10.0,95.0,21232.0,1067.58,431.0,9.0,84.0,2.42,2988.08
3125,9807,9841,9856,9957,10048,10227,10363,10650,10936,11150,11327,11564,11846,12174,12493,12900,13251,13392,13448,13468,12522,12932,14001,1069,27,-237,1279,5.0,15163,1089.39,412.0,8.0,80.0,12336.0,949.1,89.0,2.0,18.0,7.64,2800.2
3127,25195,25246,25398,25501,25644,25849,26146,26465,26720,26815,26778,26859,27020,27152,27319,27582,27683,27800,27844,27452,26334,26234,26827,593,-20,-86,699,9.0,27432,1157.35,492.0,10.0,95.5,26110.0,1073.74,443.5,9.5,87.0,2.21,2980.78
3128,15447,15552,15629,15766,16109,16476,17012,17414,17965,18218,18240,18697,19169,19618,20170,20839,21753,22696,23432,24118,23212,23829,25286,1457,22,-338,1773,7.0,26828,1096.31,418.0,9.0,81.0,22841.0,927.96,58.0,2.0,12.0,5.76,3612.29
3129,15780,15820,15843,15915,16038,16224,16447,16699,16973,17051,17036,17239,17543,17940,18205,18466,18563,18662,18761,18903,18292,18396,19021,625,78,-252,799,6.2,19668,1106.49,432.0,9.0,84.0,18126.0,1015.76,270.0,6.0,53.0,3.29,3067.9
3130,29731,29702,29676,29667,29740,29905,30202,30759,31205,31448,31610,31902,32257,32549,32951,33520,33899,34097,34314,34374,33375,33281,33975,694,2,-122,814,12.2,34693,1098.18,422.0,8.5,82.0,33045.0,1031.81,323.5,6.5,63.5,2.04,2784.84
3131,20669,20604,20489,20451,20442,20563,20970,21165,21521,21646,21812,22059,22378,22639,22963,23437,23825,24046,24044,24027,23384,23469,23950,481,11,-256,726,9.2,24440,1070.41,378.5,7.5,73.5,23193.0,1005.56,238.5,5.5,47.0,2.01,2603.26
3132,14232,14378,14524,14635,14734,14852,14976,15102,15208,15265,15346,15804,16205,16482,16686,16859,17084,17231,17282,17338,16930,17017,17319,302,103,-212,411,6.6,17631,1092.02,415.0,9.0,81.0,16795.0,1028.12,310.0,7.0,61.0,1.74,2624.09
3133,21772,21658,21510,21461,21426,21610,21775,21894,22115,22178,22152,22338,22521,22689,22893,23147,23375,23535,23646,23640,23121,23039,23331,292,-90,-248,630,10.8,23621,1078.7,391.0,8.0,76.0,22947.0,1063.55,421.5,8.5,82.5,1.25,2160.28
3134,24899,24865,24827,24751,24741,24763,24980,25300,25812,26070,26252,26593,26927,27267,27564,27922,28357,28577,28920,29089,28642,28642,29017,375,52,-314,637,14.6,29404,1064.48,362.5,7.5,71.0,28369.0,1036.62,323.5,7.0,63.5,1.29,1987.47
3135,18448,18389,18370,18353,18470,18532,18846,19067,19378,19454,19670,19818,19976,20300,20657,21031,21322,21495,21660,21785,21351,21262,21461,199,77,-301,423,9.4,21654,1067.01,370.0,8.0,72.0,21132.0,1027.27,306.0,6.0,60.0,0.93,2283.09
3136,44917,45238,45469,45733,46123,46499,46961,47687,48645,48920,49139,49722,50499,51380,52227,53137,53763,54189,54500,54619,53650,53551,54571,1020,222,68,730,27.3,55616,1032.36,311.0,6.5,60.5,53205.0,1034.34,321.75,6.75,63.0,1.87,1998.94
3137,8661,8626,8622,8599,8576,8602,8625,8668,8737,8768,8773,8918,9047,9139,9280,9470,9595,9685,9879,9962,9980,10105,10351,246,56,129,61,8.2,10599,978.43,184.0,4.0,36.0,9916.0,1011.34,257.0,6.0,51.0,2.38,1262.32
3138,19556,19549,19524,19550,19690,19863,20181,20506,20870,21073,21321,21525,21824,22208,22604,23027,23405,23587,23843,23917,23442,23607,23985,378,153,19,206,12.5,24369,992.16,221.0,5.0,43.0,23146.0,1044.69,368.0,8.0,72.0,1.58,1918.8
3139,7112,7190,7227,7241,7241,7316,7372,7446,7560,7608,7646,7658,7700,7748,7798,7884,7940,8011,7997,7996,7963,7950,7989,39,72,-64,31,111.8,8029,983.78,197.0,4.0,39.0,7902.0,1085.33,470.0,10.0,92.0,0.49,71.46
3140,16176,16472,16656,16719,16904,17169,17445,17889,18306,18454,18517,18668,18778,18925,19212,19448,19656,19822,19913,19952,19786,19909,20043,134,109,-96,121,109.4,20183,985.02,202.0,4.0,40.0,19599.0,1045.4,369.0,8.0,72.0,0.67,183.21
3141,34171,34602,34667,34845,35187,35764,36358,37056,37899,38302,38551,39925,40915,42275,43529,45425,46708,47649,48072,47474,45029,45286,47198,1912,153,-448,2207,733.8,49255,1113.04,399.0,8.0,77.75,44353.0,948.35,117.0,2.75,23.0,4.05,64.32
3142,13318,13367,13455,13563,13672,13765,13861,13956,13979,13939,13768,13795,13841,13878,13939,14036,13964,13957,13916,13644,13096,13127,13337,210,3,-181,388,4.3,13550,1176.83,512.0,10.0,100.0,12953.0,1034.95,323.0,7.0,63.0,1.57,3101.63
3143,8632,8683,8724,8770,8783,8863,8990,9148,9260,9318,9301,9308,9338,9387,9485,9619,9635,9906,10044,10075,9433,9376,9769,393,8,46,339,2.2,10179,1167.48,506.0,10.0,98.0,9336.0,987.26,180.0,4.0,36.0,4.02,4440.45
3145,19439,19584,19681,19904,20004,20308,20608,20848,20964,20975,20989,21271,21540,21868,22174,22575,22785,22983,23099,23079,22202,22415,23167,752,-20,-132,904,7.6,23955,1140.69,473.0,10.0,92.0,21923.0,1046.39,375.0,8.0,73.0,3.25,3048.29
3146,33639,33791,34011,34252,34492,34745,35141,35958,36593,36844,36913,37336,37691,37932,38084,38330,38585,38797,39103,38832,37475,37449,38576,1127,101,-72,1098,11.9,39732,1160.93,498.5,10.0,97.0,37068.0,1070.66,427.0,9.0,84.0,2.92,3241.68
3147,7022,7084,7138,7189,7266,7286,7477,7618,7733,7834,7875,7912,7948,7970,8018,8104,8178,8249,8298,8309,8021,7952,8160,208,-26,63,171,2.8,8372,1138.25,468.0,10.0,91.0,7952.0,1070.36,442.0,9.0,86.0,2.55,2914.29
3148,14503,14648,14710,14835,15243,15612,15966,16191,16560,16658,16979,17522,18002,18437,18835,19308,19764,19978,20259,20324,19782,20077,20600,523,92,-387,818,6.7,21136,1094.28,417.0,9.0,81.0,19507.0,1001.7,233.0,5.0,46.0,2.54,3074.63
3149,30901,30925,30934,31041,31163,31459,31888,32428,33171,33500,33546,33844,34166,34520,34843,35344,35824,36264,36558,36711,35709,35910,37032,1122,15,-359,1466,15.2,38184,1104.18,431.0,9.0,83.5,35338.0,1046.22,373.5,8.0,73.0,3.03,2436.32
3150,60026,59824,59643,59616,59740,60166,60299,60562,61084,61160,60989,61307,61666,62171,62698,63184,63875,64530,65198,65638,64060,63991,65935,1944,-228,-606,2778,27.3,67961,1092.26,410.67,8.67,80.0,63291.0,1047.91,374.0,7.67,73.0,2.95,2415.2
3151,10180,10140,10145,10165,10183,10239,10312,10408,10525,10572,10614,10636,10667,10685,10713,10772,10840,10898,10974,11053,10774,11096,11885,789,6,205,578,4.3,12729,1063.32,366.0,8.0,71.0,10675.0,1009.49,253.0,5.0,50.0,6.64,2763.95
3152,32747,32887,32725,32723,32574,32639,32621,32638,32638,32609,32496,32501,32581,32681,32813,33005,33138,33302,33407,33468,32545,32193,32683,490,-70,-201,761,21.7,33188,1043.58,332.0,7.0,65.0,32283.0,1050.13,384.5,8.0,75.5,1.5,1506.13
3153,21760,21800,21908,22019,22070,22192,22477,22790,23131,23277,23454,23673,23947,24252,24541,24841,25012,25210,25371,25324,24675,24547,24950,403,78,-64,389,17.9,25359,994.48,226.0,5.0,44.5,24460.0,1008.27,248.0,5.5,49.0,1.62,1393.85
3154,4533,4485,4441,4401,4372,4376,4388,4397,4413,4418,4418,4417,4418,4419,4423,4441,4460,4469,4455,4415,4380,4314,4316,2,18,-42,26,5.7,4316,1007.81,259.0,6.0,51.0,4345.0,1063.83,420.0,9.0,82.0,0.05,757.19
3155,20673,20649,20653,20564,20568,20629,20802,21028,21227,21312,21461,21567,21740,22047,22430,22918,23237,23425,23697,23924,23837,23850,24196,346,60,-21,307,11.3,24559,998.32,239.0,5.0,47.0,23560.0,991.76,195.0,4.0,38.0,1.43,2141.24
3156,33963,33917,33996,33838,33771,33928,34319,34697,35475,35742,35755,35924,36080,36183,36304,36484,36629,36811,36965,36765,36352,36152,36529,377,185,-143,335,34.6,36912,1014.31,272.67,5.67,53.0,36073.0,1059.6,362.33,7.33,71.0,1.03,1055.75
3158,10357,10360,10310,10256,10148,10096,10070,10072,10095,10085,10067,10045,10026,10017,10019,10040,10037,10024,9996,9952,9848,9732,9777,45,75,-112,82,8.9,9826,1053.2,344.0,7.0,67.0,9777.0,1068.51,433.0,9.0,85.0,0.46,1098.54
3160,10742,10769,10743,10685,10565,10510,10531,10495,10504,10475,10414,10416,10423,10424,10429,10453,10452,10429,10378,10339,10091,9990,9961,-29,55,-162,78,55.7,9931,1056.8,353.0,7.0,69.0,10005.0,1085.83,471.0,10.0,92.0,-0.29,178.83
3161,18975,19149,19188,19227,19463,19698,19875,20101,20385,20583,20703,20930,21277,21614,21956,22288,22849,23040,23169,23399,22723,23062,23932,870,78,-65,857,6.4,24841,1154.81,488.0,10.0,95.0,22362.0,1016.5,274.0,6.0,54.0,3.64,3739.38
3162,15636,15699,15815,16044,16262,16508,16599,16859,17098,17177,17227,17430,17636,17921,18156,18393,18557,18742,18805,18714,18228,18241,18653,412,-51,-75,538,4.7,19082,1137.63,464.0,9.0,90.0,18075.0,1056.05,400.0,8.0,78.0,2.21,3968.72
3163,33901,34193,34278,34650,35152,35910,36796,37554,38414,38740,38997,39715,40461,41247,42027,42957,43316,43660,43825,43645,41538,41911,43899,1988,167,-466,2287,9.2,45995,1119.32,449.33,9.0,87.67,41031.0,996.17,212.67,4.33,42.0,4.53,4771.63
3165,24408,24510,24565,24784,25009,25281,25592,26152,26706,26918,26982,27301,27651,28158,28665,29249,29589,29930,30444,30942,30917,31018,31720,702,114,-60,648,9.2,32429,1088.68,406.0,8.5,79.0,30640.0,1056.6,401.5,8.5,78.5,2.21,3447.83
3166,25517,25538,25655,25908,26123,26465,27033,27663,28270,28534,28616,28976,29310,29677,30107,30655,31053,31261,31504,31678,30895,31222,32372,1150,110,-291,1331,12.2,33554,1084.66,399.0,8.5,78.0,30491.0,1003.97,238.5,5.0,46.5,3.55,2653.44
3168,14237,14707,15249,15447,15933,16442,16732,16836,17285,17583,18698,19686,20645,21471,22510,23672,24625,25354,25559,25742,22375,23649,26931,3282,9,-662,3935,9.4,30718,1086.29,399.0,8.0,77.5,21881.0,874.14,18.5,1.0,4.5,12.19,2865.0
3169,24097,23758,23509,23416,23314,23295,23309,23680,24107,24312,24453,24787,25071,25272,25431,25619,25739,25947,26318,26286,25215,25449,26414,965,24,-285,1226,14.2,27429,1002.1,249.0,5.0,49.0,24935.0,976.7,166.0,3.5,33.0,3.65,1860.14
3170,16951,16788,16633,16648,16747,16866,17227,17641,18028,18296,18517,18977,19466,19874,20181,20462,20525,20623,20684,20698,20072,20232,20690,458,46,-175,587,10.7,21166,1041.77,329.0,7.0,64.0,19889.0,1036.17,334.0,7.0,65.0,2.21,1933.64
3171,18557,18581,18603,18641,18716,19033,19245,19586,19969,20353,20712,20940,21132,21505,22188,22761,23216,23549,23774,23650,22515,22639,23509,870,102,-477,1245,11.1,24402,936.66,86.0,2.0,17.0,22248.0,914.07,42.0,1.0,9.0,3.7,2117.93
3172,21997,21997,21984,22048,22113,22438,22637,22906,23155,23264,23255,23361,23460,23572,23668,23838,23950,24027,24104,24031,23281,23020,23501,481,60,-193,614,11.8,23990,960.62,162.0,3.5,32.0,23120.0,1006.03,256.5,5.5,50.5,2.05,1991.61
3173,17094,16860,16805,16922,17335,18050,18929,19777,20489,20479,20848,21808,23054,24327,25758,27471,28515,29404,30140,30534,30495,30669,31368,699,162,-173,710,30.3,32090,988.27,204.5,4.0,40.0,30189.0,1048.42,335.5,7.0,66.0,2.23,1035.25
3174,34844,34638,34502,34496,34470,34828,35362,35854,36707,37069,37557,37971,38444,39050,39692,40379,40963,41372,41700,41604,40217,40016,41160,1144,164,-688,1668,12.4,42343,940.42,102.0,2.67,20.33,39786.0,929.4,72.33,1.67,14.67,2.78,3319.35
3175,45622,45655,45547,45556,45795,46093,47107,48215,48925,49596,50363,51633,53028,54289,55358,56384,56931,57243,57344,56565,54145,53507,54927,1420,363,-1313,2370,71.3,56389,926.96,77.33,2.0,15.33,53363.0,908.65,53.0,1.67,11.0,2.59,770.36
3177,10072,9987,9918,9834,9769,9672,9823,9979,10192,10436,10695,10919,11207,11484,11665,11867,12095,12260,12345,12513,12058,12169,12515,346,122,-169,393,5.2,12865,900.61,29.0,1.0,6.0,11889.0,886.17,19.0,1.0,4.0,2.76,2406.73
3178,30676,32132,33281,33560,34085,34665,35003,35390,35712,35754,35430,35375,35341,35285,35221,35216,35193,35087,34954,34702,33964,33665,34028,363,125,-247,485,21.8,34387,1033.8,315.67,6.67,61.67,33698.0,1084.63,463.67,9.67,90.67,1.07,1560.92
3180,13242,13181,13113,13076,13066,13103,13164,13260,13389,13436,13471,13858,14236,14645,15140,15752,16213,16588,16923,17016,16734,16708,17027,319,78,-45,286,15.3,17351,1037.97,324.0,7.0,63.0,16601.0,1047.6,379.0,8.0,74.0,1.87,1112.88
3181,16588,16724,16820,17117,17358,17594,17921,18299,18583,18695,18738,19401,19977,20481,20834,21275,21371,21286,21092,20847,19444,19291,20268,977,76,-177,1078,2.9,21302,1153.87,486.0,10.0,95.0,19119.0,940.98,74.0,2.0,15.0,4.82,6988.97
3182,11250,11528,11844,12096,12392,12650,12821,12994,13183,13304,13340,13910,14229,14526,14788,15152,15378,15650,15767,15648,14090,14282,15480,1198,-19,-69,1286,2.4,16780,1137.41,462.0,9.0,90.0,13858.0,916.05,46.0,1.0,9.0,7.74,6450.0
3183,15095,15348,15462,15604,15725,15847,15948,16157,16480,16653,16686,16755,16912,17139,17315,17613,17568,17655,17715,17259,16073,16005,16758,753,120,-200,833,2.4,17546,1143.78,477.0,10.0,93.0,15813.0,941.06,75.0,2.0,15.0,4.49,6982.5
3184,13342,13500,13683,13934,14216,14477,14790,15076,15425,15552,15666,15807,15910,16063,16145,16382,16388,16268,16202,15925,15032,14888,15459,571,114,-188,645,2.6,16046,1154.12,487.0,10.0,95.0,14818.0,977.65,155.0,4.0,31.0,3.69,5945.77
3185,10340,10373,10415,10493,10527,10668,10878,11031,11199,11278,11292,11352,11476,11687,11825,12110,12242,12417,12516,12509,12030,12121,12455,334,58,-73,349,2.9,12804,1143.55,476.0,10.0,93.0,11904.0,1014.07,266.0,6.0,52.0,2.68,4294.83
3186,21029,21084,21141,21190,21244,21360,21669,21940,22264,22441,22526,22651,22989,23467,23933,24353,24493,24545,24463,24136,23044,22925,23547,622,-41,-28,691,8.2,24183,1161.24,498.0,10.0,97.0,22758.0,1073.89,449.0,9.0,88.0,2.64,2871.59
3187,14355,14585,14782,14876,15011,15265,15460,15739,15958,16060,16087,16216,16372,16473,16585,16718,16799,16915,16993,17010,16692,16727,17045,318,-67,-13,398,5.6,17369,1138.0,467.0,10.0,91.0,16540.0,1093.03,484.0,10.0,95.0,1.87,3043.75
3188,16026,16083,16174,16237,16326,16568,16790,17042,17302,17471,17699,17838,17999,18165,18345,18611,18735,18819,18912,18997,18405,18508,18828,320,45,-189,464,5.7,19148,1130.88,457.0,9.0,89.0,18200.0,1059.59,406.0,8.0,79.0,1.7,3303.16
3190,29384,29361,29346,29432,29567,29806,30279,30653,31329,31606,31736,32252,32865,33583,34188,34912,35519,36388,36882,37409,36897,37106,38046,940,97,65,778,14.0,39021,1088.28,402.5,8.5,78.0,36524.0,1032.59,325.0,7.0,63.5,2.47,2717.57
3193,27195,27293,27314,27390,27542,27777,28114,28586,28895,29099,29263,29570,30075,30642,31179,31767,31878,32195,32398,32274,31644,31530,32088,558,-67,35,590,12.4,32644,1132.49,458.0,9.0,89.5,31379.0,1087.55,467.0,9.5,91.5,1.74,2587.74
3194,11561,11506,11474,11514,11524,11571,11682,11728,11936,12046,12224,12573,12768,13031,13332,13695,13789,13823,13899,13877,13329,13396,13753,357,17,-10,350,7.6,14124,1082.48,399.0,8.0,78.0,13197.0,1016.26,272.0,6.0,53.0,2.6,1809.61
3195,33488,34476,35220,35769,36400,37174,38141,39105,40356,40808,41065,41721,42178,42625,43130,43832,43972,44409,44903,44782,44048,44020,44844,824,127,-101,798,27.5,45689,1068.12,372.25,7.5,72.5,43615.0,1068.43,420.0,8.67,82.0,1.84,1630.69
3196,17038,17077,17087,17059,17146,17218,17531,17879,18363,18626,18770,19038,19305,19534,19881,20371,20613,20774,20903,20988,20743,20736,20980,244,44,-50,250,8.6,21235,1026.73,296.5,6.0,58.0,20597.0,1021.04,289.0,6.5,57.0,1.16,2439.53
3197,10278,10560,10689,10740,10808,10864,11020,11382,11623,11700,11664,11676,11743,11844,11953,12111,12220,12333,12333,12269,12115,12174,12352,178,31,-6,153,5.8,12537,1026.7,306.0,6.0,60.0,12032.0,1035.09,324.0,7.0,64.0,1.44,2129.66
3198,16257,16136,16001,15922,15840,15892,16013,16201,16408,16516,16574,16719,16866,16980,17046,17151,17244,17329,17409,17443,17362,17489,17764,275,124,-33,184,12.4,18048,992.6,222.0,5.0,43.0,17215.0,970.49,141.0,3.0,28.0,1.55,1432.58
3199,39319,39188,39143,39022,39059,39262,39520,39879,40187,40415,40561,40786,41138,41502,41928,42505,42842,43186,43389,43446,42857,42824,43320,496,75,-137,558,26.2,43811,1025.54,291.0,6.0,56.5,42387.0,1009.08,265.0,5.5,52.0,1.14,1653.44
3200,20230,19923,19605,19511,19255,19105,19160,19289,19458,19581,19620,19682,19725,19777,19827,19939,19999,20022,20010,19973,19666,19609,19757,148,65,-120,203,13.2,19915,926.79,70.0,2.0,14.0,19453.0,927.98,59.0,2.0,12.0,0.75,1496.74
3201,15419,15889,16346,16815,17122,17550,17898,18342,19058,19499,19682,20036,20584,20975,21291,21549,21823,22045,22195,22391,22264,22405,22892,487,153,77,257,20.3,23396,937.8,95.0,2.0,19.0,21976.0,990.79,191.0,4.0,38.0,2.13,1127.68
3202,6484,6755,7162,7522,7707,7925,8113,8164,8262,8283,8368,8487,8607,8763,8952,9253,9397,9460,9536,9450,9197,9220,9426,206,21,-102,287,11.7,9633,1073.62,378.0,8.0,74.0,9116.0,1035.13,325.0,7.0,64.0,2.19,805.64
3204,19086,19273,19555,19839,20072,20409,20784,21203,21612,21819,21951,22388,22759,23067,23295,23586,24149,24600,25177,25447,25202,25471,26178,707,45,-32,694,6.2,26911,1115.36,445.0,9.0,87.0,24896.0,1042.34,359.0,7.0,70.0,2.7,4222.26
3205,8498,8740,8986,9341,9498,9685,9925,10085,10297,10349,10340,10927,11452,11901,12177,12407,12512,12716,12764,12721,11856,11884,12512,628,13,-76,691,1.9,13175,1146.13,481.0,10.0,94.0,11693.0,930.59,61.0,2.0,12.0,5.02,6585.26
3206,12368,12595,12800,12997,13269,13550,13731,13928,14245,14595,15009,15142,15282,15592,16053,16490,16500,16728,17081,16955,16011,16177,16861,684,71,-114,727,4.7,17569,1159.87,497.0,10.0,97.0,15825.0,995.78,206.0,5.0,41.0,4.06,3587.45
3207,10943,11834,12559,13080,13586,14092,14625,15010,15374,15428,15484,16043,16586,17007,17353,17579,17869,18139,18593,18707,18310,18619,19275,656,106,-57,607,10.4,19972,1137.95,466.0,9.5,90.5,18099.0,973.75,148.5,3.5,29.0,3.4,1853.37
3212,13075,13665,14004,14213,14417,14684,14878,15100,15283,15503,15861,16507,17078,17546,17996,18587,19152,19778,20283,20575,20859,21365,22090,725,181,397,147,588.6,22841,964.2,154.0,3.0,30.0,20817.0,1042.08,358.0,7.0,70.0,3.28,37.53
3213,17178,17247,17258,17216,17116,17202,17381,17546,17691,17812,17881,17869,17888,17903,17949,18098,18323,18457,18558,18587,18356,18254,18401,147,105,-208,250,74.4,18548,847.22,4.0,1.0,1.0,18325.0,908.9,38.0,1.0,8.0,0.8,247.33
3214,9267,9137,9005,8846,8652,8482,8444,8433,8442,8518,8588,8656,8729,8799,8857,8931,8996,9023,9060,9070,9040,8951,8950,-1,22,-134,111,6.5,8950,826.04,1.0,1.0,1.0,9051.0,805.37,5.0,1.0,1.0,-0.01,1376.92
3215,32212,32353,32387,32321,32263,32338,32493,32799,33134,33453,33734,33832,33972,34146,34466,35061,35536,35995,36660,36993,36996,37098,37564,466,178,-118,406,53.9,38045,997.05,230.0,5.0,45.0,36995.0,969.54,137.5,3.5,27.0,1.24,696.92
3216,29629,30005,30404,30713,30996,31357,31730,32146,32696,33254,33744,34365,35160,35944,36565,37106,37673,38217,38782,38954,39091,39542,40135,593,164,-111,540,50.0,40733,1049.11,339.5,7.0,66.0,39051.0,1009.17,259.5,5.5,51.0,1.48,802.7
3217,17885,18574,19156,19829,20641,21397,22076,22756,23387,23964,24585,25420,26493,27670,29404,31781,34561,37493,40291,43443,46482,49895,52689,2794,477,1944,373,143.9,55668,1029.74,302.33,6.33,59.0,46396.0,1040.63,350.33,7.33,68.67,5.3,366.15
3220,31171,31210,31243,31306,31365,31506,31723,31924,32163,32469,32714,33179,33905,34459,35028,35690,36066,36412,36694,36853,36827,36950,37321,371,91,-204,484,51.5,37705,1011.06,258.33,5.67,50.33,36898.0,976.07,166.67,3.67,33.33,0.99,724.68
3222,10204,10546,10665,10781,10945,11036,11184,11350,11558,11735,11866,11992,12248,12591,13074,13593,14150,14763,15580,16143,16729,17118,17514,396,57,283,56,65.1,17917,962.54,151.0,3.0,30.0,16797.0,1018.38,280.0,6.0,55.0,2.26,269.03
3223,5391,5455,5558,5599,5716,5681,5863,5978,6186,6400,6647,6880,7042,7139,7276,7517,7775,8092,8417,8886,9460,9928,10282,354,-58,381,31,71.9,10652,975.21,177.0,4.0,35.0,9536.0,993.5,198.0,4.0,39.0,3.44,143.0
3224,22007,22595,23100,23422,23628,23743,23771,23977,24286,24669,25192,25682,26296,26865,27402,28013,28370,28567,28736,28757,28630,28621,28713,92,-25,-33,150,71.2,28811,926.25,85.5,2.0,17.0,28734.0,978.35,185.5,4.5,37.0,0.32,403.27
3225,4124,4152,4150,4130,4101,4130,4126,4150,4158,4175,4164,4176,4188,4201,4218,4249,4418,4592,4780,5123,5459,5595,5725,130,-57,155,32,61.7,5857,1085.25,407.0,8.0,79.0,5519.0,1035.58,331.0,7.0,65.0,2.27,92.79
3226,12208,12600,12765,12859,12954,12949,13232,13509,13757,14077,14393,14416,14580,15013,15547,16186,16814,17430,18117,18766,19393,19850,20220,370,47,204,119,68.8,20604,1056.35,352.0,7.0,69.0,19394.0,1061.44,413.0,9.0,81.0,1.83,293.9
3228,10225,10625,10853,11058,11292,11758,12472,13221,14011,14743,15497,16337,17006,17641,18365,19131,20046,20996,22149,23346,24636,25466,26034,568,108,227,233,126.3,26607,1086.84,410.0,8.0,80.0,24607.0,1086.51,472.0,10.0,92.0,2.18,206.13
3230,4748,4791,4822,4816,4818,4799,4871,4989,5073,5123,5151,5165,5184,5195,5211,5261,5382,5524,5679,5892,6192,6273,6215,-58,-21,-89,52,448.0,6159,1079.22,389.0,8.0,76.0,6234.0,1039.55,348.0,7.0,68.0,-0.93,13.87
3233,3452,3479,3511,3511,3492,3459,3489,3501,3490,3460,3420,3456,3497,3519,3538,3556,3635,3710,3802,3911,3979,3974,3983,9,0,-33,42,1505.9,3991,991.69,217.0,5.0,42.0,4008.0,984.42,176.0,4.0,35.0,0.23,2.64
3241,5418,5436,5441,5491,5487,5508,5545,5615,5724,5756,5788,5794,5801,5803,5805,5824,5890,5995,6152,6358,6585,6675,6781,106,53,30,23,903.3,6889,1020.23,290.0,6.0,57.0,6614.0,1072.72,446.0,9.0,87.0,1.56,7.51
3250,17261,17216,17270,17241,17251,17182,17215,17296,17364,17408,17400,17471,17563,17637,17718,17831,17973,18126,18248,18375,18343,18239,18305,66,21,-46,91,1989.0,18369,931.97,110.5,3.0,22.0,18425.0,1000.53,234.5,5.5,46.0,0.36,9.2
3260,3661,3658,3622,3599,3583,3566,3531,3515,3529,3506,3477,3490,3503,3509,3516,3526,3545,3561,3540,3497,3471,3454,3410,-44,-14,-37,7,98.1,3366,918.42,51.0,1.0,10.0,3491.0,960.49,116.0,3.0,23.0,-1.29,34.76
3280,29559,30027,30365,30634,30920,31320,31716,32010,32334,32691,33020,33399,33769,34084,34367,34615,34887,35180,35448,35762,35768,35909,36238,329,31,-58,356,182.6,36568,962.0,150.5,3.5,29.5,35742.0,981.28,167.5,3.5,33.0,0.91,198.46
3300,10266,10300,10326,10353,10375,10334,10386,10388,10378,10344,10225,10186,10143,10106,10080,10081,10127,10187,10254,10348,10286,10224,10310,86,-20,52,54,198.3,10392,937.36,93.0,2.0,18.0,10346.0,965.95,132.0,3.0,26.0,0.83,51.99
3305,10746,10746,10748,10752,10768,10804,10800,10812,10812,10856,10894,10906,10917,10922,10919,10943,10997,11067,11150,11198,11183,11175,11181,6,-4,-22,32,64.0,11192,893.54,22.0,1.0,5.0,11230.0,946.51,84.0,2.0,17.0,0.05,174.7
3318,3353,3303,3270,3215,3174,3143,3088,3047,3018,2974,2902,2871,2842,2806,2780,2782,2785,2785,2785,2787,2749,2724,2715,-9,-5,-11,7,5686.4,2707,986.59,206.0,4.0,40.0,2766.0,1003.02,236.0,5.0,46.0,-0.33,0.48
3331,7680,7833,8154,8543,8934,9168,9455,9810,10195,10599,11037,11537,12164,12591,12978,13486,13998,14457,14914,15382,15812,16204,16610,406,107,253,46,1676.6,17026,973.52,173.5,4.0,34.0,15865.0,1086.55,473.5,9.5,92.5,2.44,9.91
3336,264,287,300,317,364,408,402,418,432,433,435,488,997,1867,3098,4560,5799,7015,8001,8767,10239,12991,16420,3429,310,2987,132,58.7,20755,1020.54,292.0,6.0,57.0,10098.0,1087.06,473.0,10.0,93.0,20.88,279.73
3337,22301,22670,23218,23705,24517,25785,27123,28407,29919,31477,32761,33921,34818,35675,36629,37717,38826,40043,41260,41672,41219,41589,42180,591,366,-200,425,154.9,42790,885.5,23.67,1.0,5.0,40726.0,969.4,161.67,3.67,32.33,1.4,272.3
3338,12097,12096,12080,12090,12136,12217,12434,12983,13977,14983,16031,17717,19368,20841,22403,24243,26404,28626,31367,34743,37615,40720,44066,3346,700,2138,508,111.0,47767,953.64,140.25,3.5,27.75,37075.0,1030.81,308.0,6.5,60.5,7.59,396.99
3340,19440,19573,19828,20008,20393,20665,20982,21366,21971,22542,23160,23873,24867,25484,26110,26971,27872,28715,29710,30729,31590,32169,32694,525,196,181,148,1235.1,33237,965.69,159.0,4.0,31.5,31276.0,1036.54,335.5,7.0,65.5,1.61,26.47
3345,5350,5315,5320,5322,5351,5371,5381,5404,5463,5485,5488,5529,5582,5631,5692,5761,5870,5996,6122,6247,6340,6379,6408,29,35,-23,17,850.3,6440,987.73,211.0,5.0,41.0,6372.0,1051.38,389.0,8.0,76.0,0.45,7.54
3350,34198,34547,34780,34855,35128,35344,36142,37068,38004,39224,40459,41403,42418,43461,44521,45827,47109,48357,49496,50586,51763,52998,53943,945,97,423,425,104.8,54938,963.87,164.25,4.0,32.25,51837.0,946.66,122.25,3.0,24.0,1.75,514.72
3351,3317,3378,3411,3473,3508,3542,3594,3658,3714,3774,3819,3872,3914,3945,3966,3990,4004,4042,4112,4152,4211,4223,4268,45,11,31,3,104.7,4315,959.52,147.0,3.0,29.0,4230.0,1090.79,479.0,10.0,94.0,1.05,40.76
3352,25605,25775,25919,26034,26105,26193,26328,26744,27205,27655,28083,28336,28556,28672,28804,29044,29322,29583,29806,29948,30013,30280,30446,166,85,-111,192,140.7,30612,956.77,159.5,3.5,31.0,30083.0,961.89,149.0,3.0,29.5,0.55,216.39
3355,11497,11708,12015,12189,12269,12356,12408,12480,12476,12462,12365,12357,12352,12327,12300,12301,12266,12244,12320,12196,12071,11938,11809,-129,-57,-213,141,12.4,11679,1075.75,380.0,8.0,74.0,12131.0,978.41,160.0,4.0,32.0,-1.09,952.34
3356,4154,4225,4371,4465,4704,5041,5206,5349,5557,5699,5838,6020,6267,6583,6846,7195,7622,8183,8890,9755,10648,11798,12869,1071,133,898,40,34.2,14040,936.68,87.0,2.0,17.0,10661.0,1006.24,244.0,5.0,48.0,8.32,376.29
3357,5320,5399,5557,5620,5857,6037,6131,6252,6431,6595,6725,6854,6984,7082,7191,7311,7409,7418,7458,7377,7229,7247,7323,76,15,-19,80,51.6,7396,1049.97,340.0,7.0,66.0,7261.0,1052.54,392.0,8.0,77.0,1.04,141.92
3363,7467,7423,7402,7395,7332,7316,7351,7388,7421,7473,7503,7573,7639,7702,7781,7870,7915,7962,7992,8031,8041,7969,7987,18,-15,12,21,856.8,8003,961.95,150.0,3.0,30.0,8085.0,992.66,196.0,4.0,39.0,0.23,9.32
3373,3809,3801,3800,3809,3821,3838,3843,3852,3869,3882,3886,3955,4047,4172,4317,4454,4486,4448,4543,4606,4621,4612,4709,97,0,87,10,1863.0,4808,939.74,99.0,2.0,20.0,4644.0,993.78,199.0,4.0,39.0,2.06,2.53
3377,11333,11325,11295,11262,11230,11219,11127,11113,11148,11156,11126,11233,11326,11401,11487,11584,11604,11616,11651,11739,11654,11586,11501,-85,-24,-166,105,4184.4,11415,958.55,159.5,3.5,31.5,11704.0,983.13,191.0,4.5,38.0,-0.74,2.75
3380,8778,8751,8662,8568,8500,8370,8405,8427,8451,8466,8453,8378,8328,8296,8239,8225,8249,8279,8322,8387,8467,8442,8459,17,1,-39,55,2743.4,8476,911.45,42.0,1.0,9.0,8504.0,957.73,105.0,3.0,21.0,0.2,3.08
3393,8114,8023,7918,7780,7654,7552,7450,7378,7352,7248,7120,7043,6980,6873,6775,6693,6648,6639,6617,6583,6453,6376,6327,-49,-42,-20,13,7139.6,6276,944.18,114.0,3.0,23.0,6501.0,957.56,104.0,3.0,21.0,-0.77,0.89
3400,18332,18371,18364,18460,18569,18796,18937,19084,19268,19416,19547,19630,19716,19770,19814,19905,20003,20090,20226,20411,20402,20376,20343,-33,17,-140,90,4334.6,20306,977.32,191.5,4.5,37.5,20456.0,1003.55,247.0,5.5,48.5,-0.16,4.69
3418,7998,7936,7841,7728,7633,7550,7501,7461,7457,7380,7270,7222,7156,7098,7023,6960,6919,6894,6885,6898,6907,6839,6796,-43,-27,-46,30,11042.8,6755,942.02,107.0,3.0,21.0,6956.0,967.05,136.0,3.0,27.0,-0.63,0.62
3427,1934,1981,2009,1999,1980,1924,1841,1886,1867,1874,1907,2004,2078,2163,2252,2447,2637,2989,3760,4651,5302,5840,6443,603,127,432,44,51.9,7107,978.42,183.0,4.0,36.0,5237.0,1046.99,378.0,8.0,74.0,9.36,124.14
3429,28574,29051,30038,31091,31950,32797,33585,34338,35222,35775,36105,36423,36695,37157,37697,38477,39062,39593,40145,40451,40162,40477,41654,1177,264,581,332,208.7,42869,977.56,181.33,4.0,35.67,39822.0,1043.41,360.33,7.67,70.67,2.83,199.59
3431,3471,3475,3500,3554,3565,3648,3697,3749,3801,3842,3882,3929,4008,4066,4113,4174,4250,4298,4340,4442,4498,4539,4561,22,35,-42,29,83.4,4584,1020.5,291.0,6.0,57.0,4457.0,1090.61,477.0,10.0,93.0,0.48,54.69
3434,7425,7509,7656,7839,7989,8098,8207,8336,8585,8750,8832,8994,9091,9248,9389,9663,9898,10102,10372,10612,10835,11090,11268,178,113,10,55,624.7,11448,991.07,215.0,5.0,42.0,10765.0,1072.37,445.0,9.0,87.0,1.58,18.04
3437,9055,9172,9310,9500,9710,9823,10031,10364,10769,11055,11380,11783,12087,12404,12850,13312,13611,13909,14121,14245,14340,14456,14905,449,76,268,105,211.1,15367,1049.1,339.0,7.0,66.0,14222.0,1098.62,493.0,10.0,96.0,3.01,70.61
3440,3516,3499,3472,3474,3452,3459,3432,3391,3374,3329,3308,3354,3394,3443,3476,3525,3537,3542,3541,3536,3540,3581,3590,9,17,-27,19,73.0,3601,1110.32,438.0,9.0,85.0,3523.0,1115.16,505.0,10.0,99.0,0.25,49.18
3442,5915,5972,5974,6001,6058,6120,6178,6248,6385,6437,6579,6618,6707,6827,6908,7043,7222,7406,7594,7712,7911,7992,8044,52,-17,24,45,211.9,8100,1077.65,384.0,8.0,75.0,7949.0,1070.12,440.0,9.0,86.0,0.65,37.96
3444,7941,7987,8013,8099,8194,8243,8367,8495,8668,8785,8895,9136,9327,9503,9656,9782,9923,10070,10219,10371,10499,10562,10571,9,-39,-17,65,556.5,10582,1028.5,310.0,6.0,60.0,10562.0,1037.43,340.0,7.0,67.0,0.09,19.0
3450,17082,17169,17374,17422,17474,17535,17673,17868,17974,18113,18201,18350,18542,18792,19084,19391,19587,19797,20004,20251,20438,20645,20892,247,-57,198,106,1598.9,21144,1026.65,303.5,6.5,59.5,20577.0,996.27,216.5,4.5,42.5,1.18,13.07
3460,8201,8161,8119,8160,8037,8046,8059,8227,8434,8536,8589,8701,8829,8934,9018,9117,9243,9389,9548,9729,9874,10003,10085,82,-29,41,70,920.8,10166,1044.77,334.0,7.0,65.0,9955.0,1013.72,263.0,6.0,52.0,0.81,10.95
3465,13117,13073,12993,12830,12715,12647,12680,12721,12826,12845,12780,12885,12989,13062,13137,13279,13406,13537,13556,13511,13597,13737,13798,61,-105,126,40,1673.1,13861,874.47,12.5,1.0,2.5,13686.0,928.46,74.0,2.0,15.0,0.44,8.25
3467,3151,3163,3182,3202,3247,3294,3296,3293,3333,3343,3347,3342,3337,3322,3317,3323,3351,3393,3422,3447,3501,3542,3594,52,-19,60,11,1714.2,3648,930.44,78.0,2.0,16.0,3532.0,965.28,130.0,3.0,26.0,1.45,2.1
3478,4075,4031,3951,3879,3826,3721,3704,3672,3678,3658,3611,3600,3560,3488,3413,3353,3352,3364,3394,3427,3428,3451,3435,-16,-2,-25,11,3008.6,3418,927.45,72.0,2.0,14.0,3453.0,962.66,124.0,3.0,25.0,-0.47,1.14
3496,5887,5876,5779,5700,5664,5600,5549,5510,5498,5479,5457,5565,5662,5781,5855,5947,6054,6121,6158,6210,6123,6106,6065,-41,-9,-64,32,246.7,6023,891.53,18.0,1.0,4.0,6138.0,961.85,119.0,3.0,24.0,-0.68,24.58
3498,6263,6345,6394,6440,6464,6493,6522,6541,6586,6597,6603,6697,6782,6851,6887,6945,7044,7178,7322,7510,7679,7768,7876,108,41,30,37,88.6,7986,958.57,144.0,3.0,28.0,7700.0,1039.5,346.0,7.0,68.0,1.37,88.89
3500,17206,17361,17200,17199,17160,17196,17219,17451,17433,17438,17544,17724,17966,18154,18262,18398,18522,18591,18589,18491,18085,18137,18229,92,46,-311,357,25.1,18320,909.4,40.0,1.0,8.0,18027.0,891.76,23.0,1.0,5.0,0.5,726.25
3501,10111,10457,10946,11203,11664,12286,12741,12908,13163,13506,13715,13972,14217,14423,14615,14801,15177,15574,15979,16386,16414,16568,16682,114,64,-84,134,51.0,16799,936.13,85.0,2.0,17.0,16408.0,955.8,101.0,2.0,20.0,0.68,327.1
3505,9398,9366,9215,9135,9029,8965,8824,8730,8693,8605,8503,8517,8529,8528,8537,8567,8636,8690,8716,8738,8665,8671,8702,31,6,-33,58,21670.5,8735,920.85,64.5,1.5,13.0,8702.0,986.52,180.0,4.0,35.5,0.36,0.4
3523,3895,3901,3918,3967,3966,3962,3974,4004,4043,4083,4110,4207,4290,4368,4452,4529,4608,4695,4790,4902,5026,5157,5261,104,-12,107,9,756.8,5366,931.16,79.0,2.0,16.0,5062.0,988.64,186.0,4.0,37.0,1.98,6.95
3549,3709,3778,3815,3809,3818,3837,3776,3724,3689,3671,3609,3572,3543,3470,3412,3382,3484,3598,3702,3769,3749,3687,3753,66,34,-77,109,181.6,3821,865.68,7.0,1.0,2.0,3740.0,893.78,25.0,1.0,5.0,1.76,20.67
3550,48201,48777,49311,49590,49862,50388,51027,51499,52035,52556,53076,53775,54559,55443,56270,57273,58216,59097,60023,60666,61067,61501,62103,602,162,-19,459,911.1,62719,988.81,216.0,4.6,42.2,61144.0,982.04,195.0,4.4,38.4,0.97,68.16
3551,6842,7174,7684,8205,8605,9050,9569,9998,10458,10910,11449,11941,12402,12871,13338,13930,14375,14805,15265,15777,16181,16641,17020,379,128,211,40,99.4,17406,1011.07,263.0,6.0,51.5,16237.0,1091.74,481.5,10.0,94.0,2.23,171.23
3555,16792,16895,17132,17232,17225,17378,17606,17882,18207,18522,18818,19138,19377,19563,19742,19947,20191,20442,20718,20938,21071,21201,21258,57,16,-97,138,40.9,21322,922.6,63.0,2.0,13.0,21043.0,947.61,85.0,2.0,17.0,0.27,519.76
3558,11933,11884,11815,11717,11666,11586,11537,11486,11458,11402,11303,11329,11351,11382,11436,11511,11619,11752,11876,11989,12141,12296,12410,114,-21,100,35,7633.5,12529,939.85,99.0,2.5,19.5,12223.0,993.09,210.5,4.5,41.5,0.92,1.63
3561,3687,3693,3682,3668,3675,3685,3747,3800,3839,3872,3876,3886,3893,3891,3887,3895,3923,3941,3949,3973,3988,3960,3792,-168,-9,-162,3,351.6,3633,903.58,34.0,1.0,7.0,4016.0,978.06,157.0,4.0,31.0,-4.43,10.78
3564,12544,12806,13167,13244,13651,13848,13961,14085,14175,14278,14367,14447,14567,14685,14776,14888,15030,15153,15293,15437,15591,15629,15585,-44,-36,-75,67,184.0,15538,923.88,65.0,2.0,13.0,15636.0,976.67,153.0,3.0,30.0,-0.28,84.7
3566,4370,4354,4274,4274,4240,4221,4139,4100,4056,3935,3814,3834,3840,3838,3837,3855,3860,3872,3850,3863,3910,3968,3944,-24,12,-50,14,1646.4,3920,941.14,104.0,3.0,21.0,3927.0,1034.29,322.0,7.0,63.0,-0.61,2.4
3568,7625,7551,7457,7344,7257,7205,7037,6945,6851,6713,6531,6572,6599,6615,6628,6661,6697,6681,6633,6624,6666,6629,6559,-70,-23,-50,3,3568.3,6487,915.56,47.0,1.0,10.0,6719.0,984.2,175.0,4.0,35.0,-1.07,1.84
3579,4230,4213,4186,4180,4180,4190,4155,4130,4075,4006,3916,3917,3919,3911,3900,3898,3900,3915,3924,3946,3944,3900,3856,-44,-33,-11,0,146.6,3814,906.52,36.0,1.0,7.0,3960.0,930.62,62.0,2.0,13.0,-1.14,26.3
3585,17331,17303,17265,17214,17174,17129,17204,17233,17369,17290,17259,17407,17467,17477,17488,17521,17586,17643,17706,17731,17633,17553,17460,-93,48,-279,138,5886.2,17365,930.64,79.0,2.0,15.5,17663.0,969.78,140.0,3.0,27.5,-0.53,2.97
3608,3484,3485,3529,3547,3553,3611,3662,3702,3751,3799,3842,3906,3974,4048,4128,4232,4299,4396,4466,4612,4749,4879,4963,84,-15,63,36,2150.6,5046,940.69,102.0,2.5,20.5,4775.0,976.09,156.5,3.5,31.0,1.69,2.31
3612,4429,4420,4383,4356,4334,4326,4284,4263,4240,4200,4129,4133,4119,4095,4084,4076,4070,4079,4094,4129,4168,4159,4187,28,-7,24,11,1633.9,4216,923.36,64.0,2.0,13.0,4193.0,967.08,137.0,3.0,27.0,0.67,2.56
3620,11000,10964,10871,10835,10832,10819,10834,10816,10823,10855,10871,10905,10956,10987,11001,11034,11067,11055,11096,11134,11057,11002,10952,-50,-31,-68,49,738.9,10897,916.29,48.0,1.0,10.0,11121.0,972.19,143.0,3.0,28.0,-0.46,14.82
3629,7727,7780,7841,7797,7771,7808,7841,7939,7983,8001,7939,7961,7975,7995,8010,8033,8101,8196,8303,8340,8309,8295,8110,-185,-5,-240,60,40.0,7932,882.69,11.0,1.0,3.0,8312.0,913.69,41.0,1.0,8.0,-2.28,202.75
3630,14857,14878,14878,14745,14615,14690,14869,14996,15302,15513,15607,15840,16001,16086,16128,16261,16370,16433,16513,16706,16573,16476,16494,18,52,-274,240,65.8,16510,891.8,19.0,1.0,4.0,16520.0,898.21,29.0,1.0,6.0,0.11,250.67
3631,34421,34783,35084,35144,35238,35460,35825,36373,37004,37548,37993,38563,39072,39645,40159,40590,41289,42000,42719,43228,43443,44004,44345,341,166,-257,432,2227.4,44690,976.27,184.5,4.25,36.0,43373.0,1017.17,282.25,6.0,55.5,0.77,19.91
3636,12397,12410,12396,12381,12391,12425,12457,12481,12451,12436,12386,12409,12422,12418,12420,12422,12447,12473,12497,12524,12502,12510,12467,-43,25,-112,44,2320.7,12430,927.0,71.0,2.0,14.0,12555.0,984.16,174.0,4.0,34.0,-0.34,5.37
3644,5747,5812,5847,5854,5926,6037,6048,6153,6203,6287,6305,6336,6367,6388,6399,6420,6445,6459,6457,6481,6440,6498,6662,164,-40,150,54,131.7,6829,879.97,10.0,1.0,2.0,6465.0,937.47,68.0,2.0,14.0,2.46,50.58
3660,11200,11118,11103,11003,10865,10715,10761,10731,10746,10772,10770,10768,10788,10894,10876,10890,10988,11075,11123,11146,11179,11161,11231,70,1,-60,129,1768.1,11300,940.7,124.5,3.0,24.5,11214.0,980.37,210.5,4.5,41.5,0.62,6.35
3666,6188,6164,6139,6102,6047,6019,6040,6035,6015,6017,6002,6056,6104,6175,6247,6316,6429,6548,6660,6777,6866,6884,6862,-22,-47,2,23,2057.9,6841,971.7,169.0,4.0,33.0,6922.0,976.13,151.0,3.0,30.0,-0.32,3.33
3672,13879,13877,13863,13816,13763,13755,13768,13778,13827,13864,13886,13907,13937,13958,13984,14043,14120,14230,14308,14452,14507,14541,14608,67,-98,132,33,2420.6,14673,957.99,141.0,3.5,28.0,14603.0,995.93,223.0,4.5,44.0,0.46,6.03
3678,26260,26341,26378,26464,26608,26776,26871,27005,27111,27200,27212,27438,27650,27862,28143,28592,28951,29269,29439,29517,29751,29915,30002,87,-30,-6,123,3645.1,30092,968.7,169.0,3.5,33.0,29807.0,1002.8,242.5,5.5,48.0,0.29,8.23
3685,3432,3462,3494,3534,3572,3626,3661,3693,3716,3731,3739,3768,3795,3818,3857,3907,3934,3976,4012,4029,4021,4056,4116,60,6,36,18,479.8,4178,939.97,101.0,2.0,20.0,4047.0,1001.18,230.0,5.0,45.0,1.46,8.58
3688,2904,2922,2923,2925,2957,2952,2903,2905,2912,2906,2907,2934,2974,3005,3055,3117,3116,3118,3148,3165,3157,3200,3230,30,12,15,3,513.1,3259,939.86,100.0,2.0,20.0,3184.0,1033.73,321.0,7.0,63.0,0.93,6.3
3690,27982,28257,28542,28803,28714,28530,28584,28735,28921,29226,29492,29764,30026,30241,30479,30796,30771,30796,30712,30620,30417,30351,30398,47,114,-277,210,184.2,30448,921.19,58.0,1.5,11.5,30478.0,944.06,95.5,2.0,19.0,0.15,165.03
3691,3982,4224,4453,4725,4883,5065,5253,5422,5733,6061,6533,6994,7549,8128,8744,9304,10066,10745,11372,12046,12790,13365,13878,513,103,319,91,248.8,14405,1015.77,283.0,6.0,55.0,12778.0,1070.98,443.0,9.0,87.0,3.7,55.78
3699,8111,8110,8073,7995,7940,7874,7838,7826,7813,7841,7875,7970,8052,8120,8179,8299,8400,8529,8597,8739,8857,8905,8915,10,0,-62,72,4253.7,8924,1020.58,293.0,6.0,57.0,8903.0,1010.81,256.0,5.0,50.0,0.11,2.1
3707,6204,6185,6137,6124,6091,6083,6055,6035,6038,5989,5890,5910,5931,5952,5974,6014,6045,6078,6117,6142,6156,6168,6213,45,-3,22,26,6668.9,6256,969.86,166.0,4.0,33.0,6196.0,1006.08,243.0,5.0,48.0,0.72,0.93
3714,6263,6248,6250,6251,6267,6271,6299,6279,6250,6219,6219,6270,6298,6349,6404,6474,6550,6646,6687,6690,6771,6794,6836,42,-42,45,39,2119.0,6877,953.43,132.0,3.0,26.0,6828.0,983.78,173.0,4.0,34.0,0.61,3.23
3717,3497,3547,3563,3552,3540,3573,3563,3537,3477,3428,3446,3448,3469,3496,3534,3606,3698,3803,3907,4019,4142,4257,4297,40,2,25,13,1474.3,4336,973.85,173.0,4.0,34.0,4182.0,1000.61,226.0,5.0,44.0,0.93,2.91
3722,6907,6982,7037,7158,7408,7601,7707,7865,8026,8144,8202,8357,8533,8652,8788,8935,9168,9440,9720,10116,10463,10683,10905,222,1,125,96,3927.9,11134,982.64,195.0,4.0,38.0,10517.0,1018.9,282.0,6.0,55.0,2.04,2.78
3730,5484,5459,5603,5749,5971,6291,6491,6651,6831,6981,7133,7345,7517,7694,7856,8021,8172,8297,8418,8508,8593,8727,8812,85,-52,112,25,94.7,8900,920.55,55.0,2.0,11.0,8661.0,975.63,150.0,3.0,30.0,0.96,93.05
3737,4714,4712,4721,4722,4734,4733,4722,4682,4642,4601,4560,4594,4623,4651,4689,4742,4738,4734,4736,4734,4717,4696,4663,-33,-16,-37,20,553.4,4630,941.24,105.0,3.0,21.0,4745.0,988.99,188.0,4.0,37.0,-0.71,8.43
3747,4216,4208,4202,4190,4184,4180,4197,4214,4230,4260,4289,4354,4412,4463,4541,4632,4735,4801,4872,4936,4953,4912,4935,23,-13,19,17,371.3,4960,1036.61,320.0,7.0,62.0,4986.0,1015.26,268.0,6.0,53.0,0.47,13.29
3749,3997,4062,4142,4189,4261,4335,4329,4349,4410,4435,4433,4461,4489,4511,4536,4578,4662,4778,4906,5052,5189,5329,5455,126,22,91,13,708.2,5586,1025.87,304.0,6.0,59.0,5221.0,1069.41,436.0,9.0,85.0,2.31,7.7
3750,389,356,338,348,323,346,355,376,418,424,528,1827,3387,5149,7204,9493,11911,14544,17309,20975,24807,28244,30758,2514,593,1452,469,53.9,33495,1011.64,274.0,6.0,53.0,24407.0,1050.64,386.0,8.0,76.0,8.17,570.65
3752,5329,6767,8576,9946,11297,12573,14006,15714,17370,20024,21658,22941,23695,24192,24692,25233,25565,25719,25821,25798,25227,25114,25467,353,144,-193,402,21.4,25823,995.59,228.5,5.0,44.5,24987.0,1055.07,389.5,8.0,76.0,1.39,1190.05
3754,1297,1340,1589,2175,2769,3516,5270,7268,10510,13981,17461,22000,26530,30520,34340,38972,42212,44919,47536,49571,50718,52030,53403,1373,687,47,639,38.2,54816,1009.79,267.25,5.5,52.0,50137.0,1059.59,403.75,8.5,79.0,2.57,1397.98
3756,7916,8421,9042,9562,10044,10330,10586,10938,11268,11643,12189,13090,14058,14859,15686,16747,17618,18740,20090,21543,22953,24680,26304,1624,365,1099,160,507.7,28040,954.82,134.0,3.0,26.0,22627.0,1064.64,422.0,9.0,83.0,6.17,51.81
3757,5781,5931,6208,6440,6700,6778,6869,7004,7156,7381,7580,7762,7920,8049,8221,8436,8786,9121,9436,9803,10763,12336,14020,1684,132,1453,99,298.0,15941,974.92,176.0,4.0,35.0,10661.0,1059.67,407.0,8.0,80.0,12.01,47.05
3759,5103,5148,5184,5216,5286,5374,5365,5357,5329,5274,5227,5242,5269,5300,5342,5409,5426,5406,5321,5236,5121,5162,5129,-33,15,-84,36,292.2,5098,1063.93,368.0,8.0,72.0,5091.0,1111.45,504.0,10.0,99.0,-0.64,17.55
3763,3677,3737,3787,3850,3927,4032,4023,4064,3567,3626,3671,3752,3810,3856,3922,3984,4049,4121,4153,4172,4237,4309,4353,44,28,13,3,319.5,4397,991.67,216.0,5.0,42.0,4204.0,1069.74,438.0,9.0,86.0,1.01,13.62
3764,8889,9094,9548,9919,10237,10406,10798,11016,11257,11685,12038,12468,12883,13271,13642,14098,14392,14691,15109,15330,15523,15779,16130,351,74,183,94,461.5,16485,940.34,102.0,2.0,20.0,15563.0,1023.92,298.0,6.0,58.0,2.18,34.95
3765,6852,6811,6791,6761,6738,6739,6772,6830,6921,6955,6966,6987,7004,7011,7031,7078,7126,7139,7110,7051,6993,6962,6928,-34,-30,-47,43,10.5,6893,1008.75,262.0,6.0,51.0,6943.0,1080.34,465.0,10.0,91.0,-0.49,659.81
3777,11841,12049,12291,12403,12532,12539,12571,12721,12991,13135,13175,13370,13597,13754,13900,14106,14232,14367,14420,14335,14181,14100,14121,21,18,-73,76,369.5,14135,981.96,190.0,4.0,37.0,14065.0,1037.94,343.0,7.0,67.0,0.15,38.22
3781,16964,17062,17173,17332,17454,17628,17699,17793,17902,17969,18012,18072,18144,18241,18375,18580,18686,18776,18843,18838,18802,18741,18911,170,84,-6,92,371.6,19081,1010.62,269.0,6.0,53.0,18633.0,1091.19,481.0,10.0,94.0,0.9,50.89
3788,9787,9769,9764,9762,9769,9778,9843,9903,9974,10035,10060,10062,10064,10065,10066,10109,10084,10074,10051,9953,9770,9642,9633,-9,37,-135,89,81.9,9623,1091.81,414.0,9.0,81.0,9706.0,1087.37,474.0,10.0,93.0,-0.09,117.62
3793,5753,5743,5712,5680,5623,5609,5649,5707,5736,5747,5732,5774,5788,5791,5791,5827,5859,5865,5852,5878,5859,5795,5807,12,21,-53,44,68.6,5819,1010.19,268.0,6.0,52.0,5816.0,1065.26,425.0,9.0,83.0,0.21,84.65
3796,9396,9378,9356,9350,9357,9395,9427,9466,9561,9597,9615,9695,9768,9839,9941,10081,10102,10086,10059,9949,9866,9807,9919,112,83,-32,61,17.0,10028,991.95,220.0,5.0,43.0,9799.0,1074.94,451.0,9.0,88.0,1.13,583.47
3802,27411,27257,27184,27132,27011,26861,26750,26762,26769,26733,26650,26652,26654,26631,26616,26659,26655,26630,26539,26303,25651,25386,25554,168,123,-418,463,20.1,25733,992.15,221.5,4.5,43.5,25446.0,1028.53,311.0,7.0,61.0,0.66,1271.34
3803,8977,9267,9519,9697,9855,9923,10038,10228,10430,10582,10628,10757,10885,11017,11125,11335,11516,11697,11911,11968,11598,11580,11765,185,47,-209,347,8.1,11953,937.39,94.0,2.0,19.0,11472.0,978.36,158.0,4.0,31.0,1.57,1452.47
3804,17939,18486,18959,19460,19796,19944,20137,20450,20694,20794,20873,21082,21295,21550,21799,22150,22290,22402,22393,22253,21925,21736,21862,126,103,-265,288,39.3,21993,998.81,235.5,5.0,46.0,21745.0,1089.4,424.0,8.5,83.0,0.58,556.28
3805,26478,29704,33338,35413,37249,38974,40436,41550,42371,42809,42937,43546,44188,44703,45155,45770,46157,46288,46247,45943,45100,44900,45527,627,371,-762,1018,22.3,46173,971.11,173.0,3.67,34.0,44623.0,1036.82,326.33,7.0,64.0,1.38,2041.57
3806,27527,29959,32314,34219,36210,37878,40159,42419,44575,46027,46723,47499,48142,48791,49604,50698,51510,52096,52653,52829,52529,53107,54847,1740,263,564,913,34.6,56644,1029.29,309.0,6.33,60.33,51977.0,1067.09,424.33,8.67,83.0,3.17,1585.17
3807,3666,4112,4810,5595,6194,6720,6824,7109,7496,7705,8156,8857,9533,10247,11684,13496,15476,17743,20259,22381,23966,25775,26967,1192,362,573,257,33.3,28207,1021.52,298.0,6.0,58.0,23632.0,1069.96,439.0,9.0,86.0,4.42,809.82
3810,13656,14020,15281,17056,18483,20285,22541,25192,28396,31765,34903,38394,41568,43992,46352,49186,51310,53160,54894,56355,56853,57950,59524,1574,690,215,669,96.8,61177,953.69,130.25,3.0,25.5,56142.0,1001.9,239.75,5.25,47.0,2.64,614.92
3815,7445,7518,7523,7561,7582,7662,7685,7849,8065,8162,8217,8349,8443,8531,8625,8755,8898,9121,9402,9701,9940,10063,10193,130,29,63,38,366.0,10326,958.48,143.0,3.0,28.0,9868.0,1069.42,437.0,9.0,86.0,1.28,27.85
3818,9882,10015,10130,10340,10472,10734,11020,11315,11832,12599,13323,14046,14678,15201,15787,16435,17117,17780,18447,19198,19800,20542,21180,638,125,451,62,326.8,21837,933.67,84.0,2.0,17.0,19773.0,1016.31,273.0,6.0,54.0,3.01,64.81
3820,14203,14327,14501,14654,14959,15275,15561,15902,16225,16632,16964,17284,17635,18004,18466,19088,19766,20501,21283,22099,23098,23787,24417,630,70,445,115,352.2,25052,978.83,186.0,4.0,36.0,23051.0,1019.27,286.0,6.0,56.0,2.58,69.33
3824,6112,6066,6067,6022,5990,6051,6189,6374,6625,6947,7166,7270,7394,7513,7656,7828,7985,8060,8110,8169,8319,8451,8488,37,7,7,23,501.5,8522,958.19,142.0,3.0,28.0,8368.0,1017.57,278.0,6.0,55.0,0.44,16.93
3825,21640,21678,21659,21612,21466,21394,21248,21251,21249,21366,21432,21419,21413,21390,21400,21483,21555,21629,21729,21861,21965,22056,22170,114,-62,96,80,448.0,22292,884.06,20.5,1.0,4.5,21998.0,961.68,169.0,4.0,33.5,0.51,49.49
3833,5736,5750,5762,5801,5815,5857,5890,5914,5992,6036,6053,6059,6069,6073,6078,6095,6172,6260,6358,6436,6544,6634,6689,55,6,26,23,2753.3,6743,974.3,175.0,4.0,34.0,6585.0,1036.25,336.0,7.0,66.0,0.82,2.43
3840,14345,14268,14150,14001,13944,13936,13984,14053,14108,14207,14302,14265,14204,14111,14049,14024,14049,14108,14175,14284,14400,14426,14455,29,-1,-36,66,85.5,14484,828.89,2.0,1.0,1.0,14432.0,859.06,10.0,1.0,2.0,0.2,169.06
3841,0,0,0,0,0,0,0,0,0,0,0,0,0,0,0,3,3,3,3,3,0,0,0,0,0,0,0,2071.3,0,,,,,0.0,,,,,,0.0
3842,11430,11365,11289,11232,11220,11218,11265,11327,11385,11489,11568,11567,11579,11576,11574,11594,11613,11642,11693,11781,11858,11982,12095,113,58,-19,74,796.5,12204,932.89,82.0,2.0,16.0,11912.0,993.97,201.0,4.0,40.0,0.93,15.19
3844,27706,27865,28075,28319,28687,29293,29809,30331,30832,31263,31636,31901,32095,32237,32427,32732,33122,33491,33845,34177,34299,34684,34864,180,29,-47,198,2081.5,35051,930.68,81.0,2.0,16.33,34427.0,971.33,144.33,3.0,28.67,0.52,16.75
3847,4441,4428,4402,4386,4354,4348,4357,4407,4508,4573,4664,4699,4727,4742,4759,4791,4856,4900,4920,4870,4912,4870,4888,18,20,-18,16,968.5,4908,937.05,89.0,2.0,18.0,4928.0,1022.4,294.0,6.0,58.0,0.37,5.05
3850,13676,13673,13685,13724,13820,13942,14019,14134,14222,14315,14441,14568,14666,14729,14781,14891,14914,14988,15075,15173,15264,15329,15363,34,4,-94,124,45.6,15394,959.28,146.0,3.0,29.0,15301.0,960.35,115.0,3.0,23.0,0.22,336.91
3851,3830,3782,3751,3721,3700,3685,3730,3769,3806,3861,3902,4008,4103,4184,4269,4367,4449,4528,4663,4788,4906,4950,4966,16,-9,-2,27,1610.8,4981,937.21,91.0,2.0,18.0,4915.0,1008.68,251.0,5.0,49.0,0.32,3.08
3860,13002,12976,12958,12984,13023,13076,13157,13263,13371,13488,13595,13689,13739,13804,13873,13973,14132,14257,14418,14598,14698,14937,15178,241,44,117,80,2532.3,15421,921.54,58.0,2.0,12.0,14756.0,999.8,220.0,5.0,43.0,1.59,5.99
3875,12080,12108,12189,12342,12462,12662,12846,13001,13126,13320,13458,13680,13894,14157,14524,14899,15170,15405,15547,15563,15653,15780,15819,39,-25,1,63,155.0,15851,921.97,60.0,2.0,12.0,15684.0,956.04,102.0,2.0,20.0,0.25,102.06
3880,4638,4763,4838,4947,5008,5074,5196,5300,5462,5570,5654,5761,5887,6034,6200,6374,6455,6599,6740,6796,6902,6994,7051,57,-53,82,28,417.9,7107,953.11,127.0,3.0,25.0,6977.0,986.14,179.0,4.0,35.0,0.81,16.87
3885,6909,6979,7028,7125,7248,7341,7340,7330,7337,7348,7380,7498,7599,7695,7781,7902,7965,8016,8060,8128,8245,8406,8499,93,14,54,25,7377.4,8592,951.23,124.0,3.0,24.0,8290.0,1022.19,292.0,6.0,57.0,1.09,1.15
3888,7047,6975,6939,6926,6902,6865,6851,6840,6828,6813,6800,6746,6691,6604,6528,6497,6507,6533,6570,6619,6693,6697,6685,-12,-24,-3,15,11383.7,6672,929.4,75.0,2.0,15.0,6727.0,936.36,65.0,2.0,13.0,-0.18,0.59
3909,8343,8447,8486,8585,8669,8759,8891,9076,9272,9453,9642,9762,9852,9901,9949,10038,10213,10424,10647,10873,11095,11183,11251,68,-45,78,35,214.0,11319,921.88,59.0,2.0,12.0,11164.0,962.14,121.0,3.0,24.0,0.6,52.57
3910,18750,19188,19723,20388,21036,21236,21638,22222,22770,23095,23163,23385,23649,24015,24357,24694,24863,25019,25109,25259,25252,25361,25563,202,150,-96,148,37.6,25768,975.55,178.0,4.0,35.0,24939.0,1056.17,401.0,8.0,79.0,0.79,679.87
3912,23470,23842,24135,24315,24598,24755,24825,25105,25474,25571,25613,25780,25961,26296,26581,26913,26996,27057,27007,26935,26776,26722,26951,229,118,-10,121,215.9,27180,951.64,124.0,3.0,24.5,26546.0,1065.6,427.5,8.5,84.0,0.85,124.83
3921,90,91,92,91,92,92,96,101,104,108,113,113,113,114,114,114,119,124,128,133,138,143,140,-3,0,-3,0,170.2,137,1057.68,355.0,7.0,69.0,139.0,951.22,94.0,2.0,19.0,-2.14,0.82
3922,7361,7585,7838,7967,8260,8303,8573,8880,9193,9500,9657,9802,9946,10104,10334,10686,11282,11902,12472,13075,13736,14074,14273,199,-55,176,78,100.6,14473,980.38,188.0,4.0,37.0,13799.0,996.76,211.0,5.0,42.0,1.39,141.88
3927,17831,17954,18067,18183,18374,18829,19424,19992,20388,20729,20885,21292,21675,22130,22524,22851,23232,23603,23930,24194,24245,24073,23973,-100,58,-279,121,108.9,23877,965.07,158.0,4.0,31.0,23970.0,1006.48,245.0,5.0,48.0,-0.42,220.14
3929,5811,5865,5904,5894,5901,5961,5827,5754,5725,5668,5578,5576,5580,5586,5604,5642,5720,5798,5878,5957,6024,6047,6015,-32,-15,-78,61,287.4,5985,1110.0,436.0,9.0,85.0,5995.0,1096.15,489.0,10.0,96.0,-0.53,20.93
3930,17056,17046,17059,17077,17102,17094,17227,17370,17626,17824,17942,18087,18210,18342,18471,18696,18830,18990,19076,19139,18924,18783,18878,95,-9,-149,253,23.2,18972,1099.46,426.0,9.0,83.0,18734.0,1129.18,509.0,10.0,100.0,0.5,813.71
3931,19118,19952,20347,20762,21151,21497,21966,22460,22854,23164,23224,23541,23942,24269,24633,25030,25504,25918,26245,26263,25910,25737,25852,115,-159,46,228,21.1,25962,1021.04,279.0,6.0,54.5,25756.0,1010.98,256.0,5.5,50.5,0.44,1225.21
3934,12493,13089,13741,14265,14781,15245,15805,16332,16869,17332,17581,18133,18465,18881,19071,19365,19604,19770,20006,20076,20026,19983,20087,104,-13,-71,188,30.2,20187,1060.16,362.0,8.0,71.0,19846.0,1090.11,476.0,10.0,93.0,0.52,665.13
3936,8455,8555,8574,8584,8588,8636,8830,9054,9231,9249,9333,9584,9938,10275,10785,11454,12015,12473,12778,13175,13469,13566,13574,8,-30,-56,94,45.1,13588,991.75,218.0,5.0,43.0,13366.0,1012.99,261.0,6.0,51.0,0.06,300.98
3938,18458,18563,18586,18472,18328,18329,18812,19261,19761,19966,20151,20461,20749,21029,21327,21613,22006,22343,22649,22938,23149,22986,23108,122,-154,135,141,23.8,23224,946.78,119.0,3.0,24.0,22944.0,976.58,152.0,3.0,30.0,0.53,970.92
3950,7981,8013,8070,8125,8185,8246,8328,8406,8528,8650,8819,8915,9015,9088,9167,9253,9347,9451,9593,9758,9787,9917,9894,-23,7,-57,27,600.7,9874,952.51,126.0,3.0,25.0,9842.0,1025.92,302.0,6.0,59.0,-0.23,16.47
3953,9791,9804,9909,9953,10026,10029,10118,10240,10393,10535,10678,10835,10939,11006,11077,11202,11236,11328,11416,11437,11439,11562,11643,81,-30,58,53,801.0,11725,961.85,149.0,3.0,29.0,11502.0,1003.76,238.0,5.0,47.0,0.7,14.54
3960,8285,8255,8211,8186,8180,8183,8185,8202,8225,8254,8280,8443,8578,8679,8787,8910,8986,9042,9138,9305,9393,9457,9522,65,-10,23,52,1980.3,9589,1051.53,324.0,6.5,63.0,9446.0,1001.77,234.0,5.0,46.0,0.68,4.81
3975,1507,2057,2658,3320,4091,5130,6319,7660,9002,10529,12107,12994,14042,14794,15459,16067,16668,17230,17631,18118,18271,18648,19029,381,172,-266,475,7.4,19410,1015.21,280.0,6.0,55.0,18027.0,1078.55,461.0,9.0,90.0,2.0,2571.49
3976,20384,20853,21566,22212,22485,22646,22851,23377,23904,24432,24744,24973,25295,25765,26239,26780,27097,27379,27528,27365,26376,26270,26840,570,270,-503,803,13.3,27430,914.07,46.5,1.5,9.5,26083.0,963.66,123.0,2.5,24.0,2.12,2018.05
3977,36504,38195,40629,43429,45904,48763,52187,56134,60361,64275,68807,74468,80632,87332,95190,103794,111122,118029,124949,131096,135700,140966,146342,5376,1944,1119,2313,154.0,152027,969.72,172.0,3.88,33.88,133905.0,1044.0,357.5,7.5,70.0,3.67,950.27
3978,38,44,51,85,132,181,190,174,177,177,162,218,320,991,2121,3298,5576,9860,15508,21121,25690,29711,33217,3506,613,2527,366,26.6,37190,1045.43,337.5,7.5,66.0,25337.0,1103.52,498.0,10.0,97.5,10.55,1248.76
3981,5236,5271,5361,5405,5541,5763,5785,5895,6236,6432,6711,6910,7071,7239,7440,7719,8044,8303,8757,9387,10160,10814,11523,709,132,519,58,414.7,12284,930.27,77.0,2.0,15.0,10069.0,1055.37,399.0,8.0,78.0,6.15,27.79
3996,17647,17801,17956,18117,18250,18359,18602,18891,19168,19787,20396,20801,21181,21611,22039,22577,23285,23994,24777,25684,26745,27540,28254,714,-50,651,113,728.8,28989,951.95,125.0,3.0,25.0,26792.0,989.51,189.0,4.0,37.0,2.53,38.77
